stage,variant,train_seed,height,status,factor_changes,single_factor,metric,value,n,mean,sample_std
stage-a,baseline,11,,completed,{},False,nominal_full_budget_optimizer_steps,320,,,
stage-a,baseline,11,,completed,{},False,optimizer.updates_observed,40,,,
stage-a,baseline,11,,completed,{},False,optimizer.optimizer_steps,40,,,
stage-a,baseline,11,,completed,{},False,optimizer.planned_optimizer_steps,320,,,
stage-a,baseline,11,,completed,{},False,optimizer.optimizer_step_utilization,0.125,,,
stage-a,baseline,11,,completed,{},False,optimizer.early_stopped_fraction,1.0,,,
stage-a,baseline,11,,completed,{},False,optimizer.first_update.actor_loss,-0.008608815260231495,,,
stage-a,baseline,11,,completed,{},False,optimizer.first_update.value_loss,0.023582611232995987,,,
stage-a,baseline,11,,completed,{},False,optimizer.first_update.entropy,-1.1429965496063232,,,
stage-a,baseline,11,,completed,{},False,optimizer.first_update.kl,0.0,,,
stage-a,baseline,11,,completed,{},False,optimizer.first_update.clip_fraction,0.0,,,
stage-a,baseline,11,,completed,{},False,optimizer.first_update.loss,0.020688779652118683,,,
stage-a,baseline,11,,completed,{},False,optimizer.first_update.auxiliary_loss,0.0,,,
stage-a,baseline,11,,completed,{},False,optimizer.first_update.auxiliary_coef,0.0,,,
stage-a,baseline,11,,completed,{},False,optimizer.first_update.grad_norm,2.604780435562134,,,
stage-a,baseline,11,,completed,{},False,optimizer.first_update.optimizer_steps,1,,,
stage-a,baseline,11,,completed,{},False,optimizer.first_update.planned_optimizer_steps,8,,,
stage-a,baseline,11,,completed,{},False,optimizer.first_update.sample_count,4096,,,
stage-a,baseline,11,,completed,{},False,optimizer.first_update.early_stopped,True,,,
stage-a,baseline,11,,completed,{},False,optimizer.first_update.stop_kl,0.180594801902771,,,
stage-a,baseline,11,,completed,{},False,optimizer.first_update.initial_mean_abs,0.403064715110221,,,
stage-a,baseline,11,,completed,{},False,optimizer.first_update.initial_std_mean,0.20000000298023224,,,
stage-a,baseline,11,,completed,{},False,optimizer.first_update.initial_std_min,0.20000000298023224,,,
stage-a,baseline,11,,completed,{},False,optimizer.first_update.initial_std_max,0.20000000298023224,,,
stage-a,baseline,11,,completed,{},False,optimizer.first_update.first_step_kl,0.1810666704843979,,,
stage-a,baseline,11,,completed,{},False,optimizer.first_update.first_step_mean_kl,0.18106661047376243,,,
stage-a,baseline,11,,completed,{},False,optimizer.first_update.first_step_std_kl,6.001063547150342e-08,,,
stage-a,baseline,11,,completed,{},False,optimizer.first_update.first_step_mean_change_rms,0.049136407337043324,,,
stage-a,baseline,11,,completed,{},False,optimizer.first_update.first_step_normalized_mean_change_rms,0.24568203302426908,,,
stage-a,baseline,11,,completed,{},False,optimizer.first_update.final_kl,0.1810666704843979,,,
stage-a,baseline,11,,completed,{},False,optimizer.first_update.final_mean_kl,0.18106661047376243,,,
stage-a,baseline,11,,completed,{},False,optimizer.first_update.final_std_kl,6.001063547150342e-08,,,
stage-a,baseline,11,,completed,{},False,optimizer.first_update.final_mean_change_rms,0.049136407337043324,,,
stage-a,baseline,11,,completed,{},False,optimizer.first_update.final_std_mean,0.2000066637992859,,,
stage-a,baseline,11,,completed,{},False,optimizer.last_update.actor_loss,0.006747222505509853,,,
stage-a,baseline,11,,completed,{},False,optimizer.last_update.value_loss,0.005827042274177074,,,
stage-a,baseline,11,,completed,{},False,optimizer.last_update.entropy,-1.1376982927322388,,,
stage-a,baseline,11,,completed,{},False,optimizer.last_update.kl,0.0,,,
stage-a,baseline,11,,completed,{},False,optimizer.last_update.clip_fraction,0.0,,,
stage-a,baseline,11,,completed,{},False,optimizer.last_update.loss,0.018262755125761032,,,
stage-a,baseline,11,,completed,{},False,optimizer.last_update.auxiliary_loss,0.0,,,
stage-a,baseline,11,,completed,{},False,optimizer.last_update.auxiliary_coef,0.0,,,
stage-a,baseline,11,,completed,{},False,optimizer.last_update.grad_norm,3.511046886444092,,,
stage-a,baseline,11,,completed,{},False,optimizer.last_update.optimizer_steps,1,,,
stage-a,baseline,11,,completed,{},False,optimizer.last_update.planned_optimizer_steps,8,,,
stage-a,baseline,11,,completed,{},False,optimizer.last_update.sample_count,4096,,,
stage-a,baseline,11,,completed,{},False,optimizer.last_update.early_stopped,True,,,
stage-a,baseline,11,,completed,{},False,optimizer.last_update.stop_kl,0.026120074093341827,,,
stage-a,baseline,11,,completed,{},False,optimizer.last_update.initial_mean_abs,0.7704776045760582,,,
stage-a,baseline,11,,completed,{},False,optimizer.last_update.initial_std_mean,0.20017671585083008,,,
stage-a,baseline,11,,completed,{},False,optimizer.last_update.initial_std_min,0.19993147253990173,,,
stage-a,baseline,11,,completed,{},False,optimizer.last_update.initial_std_max,0.20030298829078674,,,
stage-a,baseline,11,,completed,{},False,optimizer.last_update.first_step_kl,0.02624969473526305,,,
stage-a,baseline,11,,completed,{},False,optimizer.last_update.first_step_mean_kl,0.026249683016110914,,,
stage-a,baseline,11,,completed,{},False,optimizer.last_update.first_step_std_kl,1.1719152133247014e-08,,,
stage-a,baseline,11,,completed,{},False,optimizer.last_update.first_step_mean_change_rms,0.018726231062087133,,,
stage-a,baseline,11,,completed,{},False,optimizer.last_update.first_step_normalized_mean_change_rms,0.09354659399951104,,,
stage-a,baseline,11,,completed,{},False,optimizer.last_update.final_kl,0.02624969473526305,,,
stage-a,baseline,11,,completed,{},False,optimizer.last_update.final_mean_kl,0.026249683016110914,,,
stage-a,baseline,11,,completed,{},False,optimizer.last_update.final_std_kl,1.1719152133247014e-08,,,
stage-a,baseline,11,,completed,{},False,optimizer.last_update.final_mean_change_rms,0.018726231062087133,,,
stage-a,baseline,11,,completed,{},False,optimizer.last_update.final_std_mean,0.20018351823091507,,,
stage-a,baseline,11,,completed,{},False,optimizer.update_mean.first_step_kl,0.03676946208213782,,,
stage-a,baseline,11,,completed,{},False,optimizer.update_mean.first_step_mean_kl,0.03676945139174575,,,
stage-a,baseline,11,,completed,{},False,optimizer.update_mean.first_step_std_kl,1.0690392073616036e-08,,,
stage-a,baseline,11,,completed,{},False,optimizer.update_mean.final_kl,0.03676946208213782,,,
stage-a,baseline,11,,completed,{},False,optimizer.update_mean.final_mean_kl,0.03676945139174575,,,
stage-a,baseline,11,,completed,{},False,optimizer.update_mean.final_std_kl,1.0690392073616036e-08,,,
stage-a,baseline,11,,completed,{},False,optimizer.update_mean.initial_mean_abs,0.5247851061605331,,,
stage-a,baseline,11,,completed,{},False,optimizer.update_mean.grad_norm,2.4579649537801744,,,
stage-a,baseline,11,0.3,completed,{},False,height_abs_error,0.11720479384064675,,,
stage-a,baseline,11,0.3,completed,{},False,non_wheel_net_force,66.07539033969243,,,
stage-a,baseline,11,0.3,completed,{},False,planar_speed,0.029988731466890687,,,
stage-a,baseline,11,0.3,completed,{},False,vx_abs_error,0.02329211682861872,,,
stage-a,baseline,11,0.3,completed,{},False,wz_abs_error,0.052270832922931734,,,
stage-a,lr_3e5,11,,completed,"{""ppo.learning_rate"": {""base"": 0.0001, ""value"": 3e-05}}",True,nominal_full_budget_optimizer_steps,320,,,
stage-a,lr_3e5,11,,completed,"{""ppo.learning_rate"": {""base"": 0.0001, ""value"": 3e-05}}",True,optimizer.updates_observed,40,,,
stage-a,lr_3e5,11,,completed,"{""ppo.learning_rate"": {""base"": 0.0001, ""value"": 3e-05}}",True,optimizer.optimizer_steps,296,,,
stage-a,lr_3e5,11,,completed,"{""ppo.learning_rate"": {""base"": 0.0001, ""value"": 3e-05}}",True,optimizer.planned_optimizer_steps,320,,,
stage-a,lr_3e5,11,,completed,"{""ppo.learning_rate"": {""base"": 0.0001, ""value"": 3e-05}}",True,optimizer.optimizer_step_utilization,0.925,,,
stage-a,lr_3e5,11,,completed,"{""ppo.learning_rate"": {""base"": 0.0001, ""value"": 3e-05}}",True,optimizer.early_stopped_fraction,0.125,,,
stage-a,lr_3e5,11,,completed,"{""ppo.learning_rate"": {""base"": 0.0001, ""value"": 3e-05}}",True,optimizer.first_update.actor_loss,-0.008608815260231495,,,
stage-a,lr_3e5,11,,completed,"{""ppo.learning_rate"": {""base"": 0.0001, ""value"": 3e-05}}",True,optimizer.first_update.value_loss,0.023582611232995987,,,
stage-a,lr_3e5,11,,completed,"{""ppo.learning_rate"": {""base"": 0.0001, ""value"": 3e-05}}",True,optimizer.first_update.entropy,-1.1429965496063232,,,
stage-a,lr_3e5,11,,completed,"{""ppo.learning_rate"": {""base"": 0.0001, ""value"": 3e-05}}",True,optimizer.first_update.kl,0.0,,,
stage-a,lr_3e5,11,,completed,"{""ppo.learning_rate"": {""base"": 0.0001, ""value"": 3e-05}}",True,optimizer.first_update.clip_fraction,0.0,,,
stage-a,lr_3e5,11,,completed,"{""ppo.learning_rate"": {""base"": 0.0001, ""value"": 3e-05}}",True,optimizer.first_update.loss,0.020688779652118683,,,
stage-a,lr_3e5,11,,completed,"{""ppo.learning_rate"": {""base"": 0.0001, ""value"": 3e-05}}",True,optimizer.first_update.auxiliary_loss,0.0,,,
stage-a,lr_3e5,11,,completed,"{""ppo.learning_rate"": {""base"": 0.0001, ""value"": 3e-05}}",True,optimizer.first_update.auxiliary_coef,0.0,,,
stage-a,lr_3e5,11,,completed,"{""ppo.learning_rate"": {""base"": 0.0001, ""value"": 3e-05}}",True,optimizer.first_update.grad_norm,2.604780435562134,,,
stage-a,lr_3e5,11,,completed,"{""ppo.learning_rate"": {""base"": 0.0001, ""value"": 3e-05}}",True,optimizer.first_update.optimizer_steps,1,,,
stage-a,lr_3e5,11,,completed,"{""ppo.learning_rate"": {""base"": 0.0001, ""value"": 3e-05}}",True,optimizer.first_update.planned_optimizer_steps,8,,,
stage-a,lr_3e5,11,,completed,"{""ppo.learning_rate"": {""base"": 0.0001, ""value"": 3e-05}}",True,optimizer.first_update.sample_count,4096,,,
stage-a,lr_3e5,11,,completed,"{""ppo.learning_rate"": {""base"": 0.0001, ""value"": 3e-05}}",True,optimizer.first_update.early_stopped,True,,,
stage-a,lr_3e5,11,,completed,"{""ppo.learning_rate"": {""base"": 0.0001, ""value"": 3e-05}}",True,optimizer.first_update.stop_kl,0.016266148537397385,,,
stage-a,lr_3e5,11,,completed,"{""ppo.learning_rate"": {""base"": 0.0001, ""value"": 3e-05}}",True,optimizer.first_update.initial_mean_abs,0.403064715110221,,,
stage-a,lr_3e5,11,,completed,"{""ppo.learning_rate"": {""base"": 0.0001, ""value"": 3e-05}}",True,optimizer.first_update.initial_std_mean,0.20000000298023224,,,
stage-a,lr_3e5,11,,completed,"{""ppo.learning_rate"": {""base"": 0.0001, ""value"": 3e-05}}",True,optimizer.first_update.initial_std_min,0.20000000298023224,,,
stage-a,lr_3e5,11,,completed,"{""ppo.learning_rate"": {""base"": 0.0001, ""value"": 3e-05}}",True,optimizer.first_update.initial_std_max,0.20000000298023224,,,
stage-a,lr_3e5,11,,completed,"{""ppo.learning_rate"": {""base"": 0.0001, ""value"": 3e-05}}",True,optimizer.first_update.first_step_kl,0.016307442949837016,,,
stage-a,lr_3e5,11,,completed,"{""ppo.learning_rate"": {""base"": 0.0001, ""value"": 3e-05}}",True,optimizer.first_update.first_step_mean_kl,0.01630743754953414,,,
stage-a,lr_3e5,11,,completed,"{""ppo.learning_rate"": {""base"": 0.0001, ""value"": 3e-05}}",True,optimizer.first_update.first_step_std_kl,5.400302875988364e-09,,,
stage-a,lr_3e5,11,,completed,"{""ppo.learning_rate"": {""base"": 0.0001, ""value"": 3e-05}}",True,optimizer.first_update.first_step_mean_change_rms,0.014745741845401773,,,
stage-a,lr_3e5,11,,completed,"{""ppo.learning_rate"": {""base"": 0.0001, ""value"": 3e-05}}",True,optimizer.first_update.first_step_normalized_mean_change_rms,0.07372870812836549,,,
stage-a,lr_3e5,11,,completed,"{""ppo.learning_rate"": {""base"": 0.0001, ""value"": 3e-05}}",True,optimizer.first_update.final_kl,0.016307442949837016,,,
stage-a,lr_3e5,11,,completed,"{""ppo.learning_rate"": {""base"": 0.0001, ""value"": 3e-05}}",True,optimizer.first_update.final_mean_kl,0.01630743754953414,,,
stage-a,lr_3e5,11,,completed,"{""ppo.learning_rate"": {""base"": 0.0001, ""value"": 3e-05}}",True,optimizer.first_update.final_std_kl,5.400302875988364e-09,,,
stage-a,lr_3e5,11,,completed,"{""ppo.learning_rate"": {""base"": 0.0001, ""value"": 3e-05}}",True,optimizer.first_update.final_mean_change_rms,0.014745741845401773,,,
stage-a,lr_3e5,11,,completed,"{""ppo.learning_rate"": {""base"": 0.0001, ""value"": 3e-05}}",True,optimizer.first_update.final_std_mean,0.20000198980172473,,,
stage-a,lr_3e5,11,,completed,"{""ppo.learning_rate"": {""base"": 0.0001, ""value"": 3e-05}}",True,optimizer.last_update.actor_loss,-0.0010663936409400776,,,
stage-a,lr_3e5,11,,completed,"{""ppo.learning_rate"": {""base"": 0.0001, ""value"": 3e-05}}",True,optimizer.last_update.value_loss,0.006312873039860278,,,
stage-a,lr_3e5,11,,completed,"{""ppo.learning_rate"": {""base"": 0.0001, ""value"": 3e-05}}",True,optimizer.last_update.entropy,-1.138496145606041,,,
stage-a,lr_3e5,11,,completed,"{""ppo.learning_rate"": {""base"": 0.0001, ""value"": 3e-05}}",True,optimizer.last_update.kl,0.004072366820764728,,,
stage-a,lr_3e5,11,,completed,"{""ppo.learning_rate"": {""base"": 0.0001, ""value"": 3e-05}}",True,optimizer.last_update.clip_fraction,0.04180908203125,,,
stage-a,lr_3e5,11,,completed,"{""ppo.learning_rate"": {""base"": 0.0001, ""value"": 3e-05}}",True,optimizer.last_update.loss,0.010938960069324821,,,
stage-a,lr_3e5,11,,completed,"{""ppo.learning_rate"": {""base"": 0.0001, ""value"": 3e-05}}",True,optimizer.last_update.auxiliary_loss,0.0,,,
stage-a,lr_3e5,11,,completed,"{""ppo.learning_rate"": {""base"": 0.0001, ""value"": 3e-05}}",True,optimizer.last_update.auxiliary_coef,0.0,,,
stage-a,lr_3e5,11,,completed,"{""ppo.learning_rate"": {""base"": 0.0001, ""value"": 3e-05}}",True,optimizer.last_update.grad_norm,3.5605624616146088,,,
stage-a,lr_3e5,11,,completed,"{""ppo.learning_rate"": {""base"": 0.0001, ""value"": 3e-05}}",True,optimizer.last_update.optimizer_steps,8,,,
stage-a,lr_3e5,11,,completed,"{""ppo.learning_rate"": {""base"": 0.0001, ""value"": 3e-05}}",True,optimizer.last_update.planned_optimizer_steps,8,,,
stage-a,lr_3e5,11,,completed,"{""ppo.learning_rate"": {""base"": 0.0001, ""value"": 3e-05}}",True,optimizer.last_update.sample_count,32768,,,
stage-a,lr_3e5,11,,completed,"{""ppo.learning_rate"": {""base"": 0.0001, ""value"": 3e-05}}",True,optimizer.last_update.early_stopped,False,,,
stage-a,lr_3e5,11,,completed,"{""ppo.learning_rate"": {""base"": 0.0001, ""value"": 3e-05}}",True,optimizer.last_update.stop_kl,0.0,,,
stage-a,lr_3e5,11,,completed,"{""ppo.learning_rate"": {""base"": 0.0001, ""value"": 3e-05}}",True,optimizer.last_update.initial_mean_abs,0.46924821259970884,,,
stage-a,lr_3e5,11,,completed,"{""ppo.learning_rate"": {""base"": 0.0001, ""value"": 3e-05}}",True,optimizer.last_update.initial_std_mean,0.20015023152033487,,,
stage-a,lr_3e5,11,,completed,"{""ppo.learning_rate"": {""base"": 0.0001, ""value"": 3e-05}}",True,optimizer.last_update.initial_std_min,0.19969762861728668,,,
stage-a,lr_3e5,11,,completed,"{""ppo.learning_rate"": {""base"": 0.0001, ""value"": 3e-05}}",True,optimizer.last_update.initial_std_max,0.2004626989364624,,,
stage-a,lr_3e5,11,,completed,"{""ppo.learning_rate"": {""base"": 0.0001, ""value"": 3e-05}}",True,optimizer.last_update.first_step_kl,0.0006191132123259986,,,
stage-a,lr_3e5,11,,completed,"{""ppo.learning_rate"": {""base"": 0.0001, ""value"": 3e-05}}",True,optimizer.last_update.first_step_mean_kl,0.0006191129884251909,,,
stage-a,lr_3e5,11,,completed,"{""ppo.learning_rate"": {""base"": 0.0001, ""value"": 3e-05}}",True,optimizer.last_update.first_step_std_kl,2.2390080769006393e-10,,,
stage-a,lr_3e5,11,,completed,"{""ppo.learning_rate"": {""base"": 0.0001, ""value"": 3e-05}}",True,optimizer.last_update.first_step_mean_change_rms,0.0028743380429473533,,,
stage-a,lr_3e5,11,,completed,"{""ppo.learning_rate"": {""base"": 0.0001, ""value"": 3e-05}}",True,optimizer.last_update.first_step_normalized_mean_change_rms,0.014365649586859711,,,
stage-a,lr_3e5,11,,completed,"{""ppo.learning_rate"": {""base"": 0.0001, ""value"": 3e-05}}",True,optimizer.last_update.final_kl,0.006434402960079544,,,
stage-a,lr_3e5,11,,completed,"{""ppo.learning_rate"": {""base"": 0.0001, ""value"": 3e-05}}",True,optimizer.last_update.final_mean_kl,0.006434387536916233,,,
stage-a,lr_3e5,11,,completed,"{""ppo.learning_rate"": {""base"": 0.0001, ""value"": 3e-05}}",True,optimizer.last_update.final_std_kl,1.5423163311881926e-08,,,
stage-a,lr_3e5,11,,completed,"{""ppo.learning_rate"": {""base"": 0.0001, ""value"": 3e-05}}",True,optimizer.last_update.final_mean_change_rms,0.009269861370025041,,,
stage-a,lr_3e5,11,,completed,"{""ppo.learning_rate"": {""base"": 0.0001, ""value"": 3e-05}}",True,optimizer.last_update.final_std_mean,0.2001508076985677,,,
stage-a,lr_3e5,11,,completed,"{""ppo.learning_rate"": {""base"": 0.0001, ""value"": 3e-05}}",True,optimizer.update_mean.first_step_kl,0.0011848408418039488,,,
stage-a,lr_3e5,11,,completed,"{""ppo.learning_rate"": {""base"": 0.0001, ""value"": 3e-05}}",True,optimizer.update_mean.first_step_mean_kl,0.0011848400132012248,,,
stage-a,lr_3e5,11,,completed,"{""ppo.learning_rate"": {""base"": 0.0001, ""value"": 3e-05}}",True,optimizer.update_mean.first_step_std_kl,8.286027238331213e-10,,,
stage-a,lr_3e5,11,,completed,"{""ppo.learning_rate"": {""base"": 0.0001, ""value"": 3e-05}}",True,optimizer.update_mean.final_kl,0.00625802482400444,,,
stage-a,lr_3e5,11,,completed,"{""ppo.learning_rate"": {""base"": 0.0001, ""value"": 3e-05}}",True,optimizer.update_mean.final_mean_kl,0.006257993022784615,,,
stage-a,lr_3e5,11,,completed,"{""ppo.learning_rate"": {""base"": 0.0001, ""value"": 3e-05}}",True,optimizer.update_mean.final_std_kl,3.180121982447708e-08,,,
stage-a,lr_3e5,11,,completed,"{""ppo.learning_rate"": {""base"": 0.0001, ""value"": 3e-05}}",True,optimizer.update_mean.initial_mean_abs,0.3983139507266266,,,
stage-a,lr_3e5,11,,completed,"{""ppo.learning_rate"": {""base"": 0.0001, ""value"": 3e-05}}",True,optimizer.update_mean.grad_norm,3.4533917624503374,,,
stage-a,lr_3e5,11,0.3,completed,"{""ppo.learning_rate"": {""base"": 0.0001, ""value"": 3e-05}}",True,height_abs_error,0.06738605452080568,,,
stage-a,lr_3e5,11,0.3,completed,"{""ppo.learning_rate"": {""base"": 0.0001, ""value"": 3e-05}}",True,non_wheel_net_force,44.58887982726097,,,
stage-a,lr_3e5,11,0.3,completed,"{""ppo.learning_rate"": {""base"": 0.0001, ""value"": 3e-05}}",True,planar_speed,0.02688704185299381,,,
stage-a,lr_3e5,11,0.3,completed,"{""ppo.learning_rate"": {""base"": 0.0001, ""value"": 3e-05}}",True,vx_abs_error,0.016414822812421334,,,
stage-a,lr_3e5,11,0.3,completed,"{""ppo.learning_rate"": {""base"": 0.0001, ""value"": 3e-05}}",True,wz_abs_error,0.05630686733978412,,,
stage-a,lr_1e5,11,,completed,"{""ppo.learning_rate"": {""base"": 0.0001, ""value"": 1e-05}}",True,nominal_full_budget_optimizer_steps,320,,,
stage-a,lr_1e5,11,,completed,"{""ppo.learning_rate"": {""base"": 0.0001, ""value"": 1e-05}}",True,optimizer.updates_observed,40,,,
stage-a,lr_1e5,11,,completed,"{""ppo.learning_rate"": {""base"": 0.0001, ""value"": 1e-05}}",True,optimizer.optimizer_steps,320,,,
stage-a,lr_1e5,11,,completed,"{""ppo.learning_rate"": {""base"": 0.0001, ""value"": 1e-05}}",True,optimizer.planned_optimizer_steps,320,,,
stage-a,lr_1e5,11,,completed,"{""ppo.learning_rate"": {""base"": 0.0001, ""value"": 1e-05}}",True,optimizer.optimizer_step_utilization,1.0,,,
stage-a,lr_1e5,11,,completed,"{""ppo.learning_rate"": {""base"": 0.0001, ""value"": 1e-05}}",True,optimizer.early_stopped_fraction,0.0,,,
stage-a,lr_1e5,11,,completed,"{""ppo.learning_rate"": {""base"": 0.0001, ""value"": 1e-05}}",True,optimizer.first_update.actor_loss,-8.765957318246365e-06,,,
stage-a,lr_1e5,11,,completed,"{""ppo.learning_rate"": {""base"": 0.0001, ""value"": 1e-05}}",True,optimizer.first_update.value_loss,0.022282538004219532,,,
stage-a,lr_1e5,11,,completed,"{""ppo.learning_rate"": {""base"": 0.0001, ""value"": 1e-05}}",True,optimizer.first_update.entropy,-1.1429272592067719,,,
stage-a,lr_1e5,11,,completed,"{""ppo.learning_rate"": {""base"": 0.0001, ""value"": 1e-05}}",True,optimizer.first_update.kl,0.0029963602864881977,,,
stage-a,lr_1e5,11,,completed,"{""ppo.learning_rate"": {""base"": 0.0001, ""value"": 1e-05}}",True,optimizer.first_update.clip_fraction,0.0218505859375,,,
stage-a,lr_1e5,11,,completed,"{""ppo.learning_rate"": {""base"": 0.0001, ""value"": 1e-05}}",True,optimizer.first_update.loss,0.02798840799368918,,,
stage-a,lr_1e5,11,,completed,"{""ppo.learning_rate"": {""base"": 0.0001, ""value"": 1e-05}}",True,optimizer.first_update.auxiliary_loss,0.0,,,
stage-a,lr_1e5,11,,completed,"{""ppo.learning_rate"": {""base"": 0.0001, ""value"": 1e-05}}",True,optimizer.first_update.auxiliary_coef,0.0,,,
stage-a,lr_1e5,11,,completed,"{""ppo.learning_rate"": {""base"": 0.0001, ""value"": 1e-05}}",True,optimizer.first_update.grad_norm,2.7798920273780823,,,
stage-a,lr_1e5,11,,completed,"{""ppo.learning_rate"": {""base"": 0.0001, ""value"": 1e-05}}",True,optimizer.first_update.optimizer_steps,8,,,
stage-a,lr_1e5,11,,completed,"{""ppo.learning_rate"": {""base"": 0.0001, ""value"": 1e-05}}",True,optimizer.first_update.planned_optimizer_steps,8,,,
stage-a,lr_1e5,11,,completed,"{""ppo.learning_rate"": {""base"": 0.0001, ""value"": 1e-05}}",True,optimizer.first_update.sample_count,32768,,,
stage-a,lr_1e5,11,,completed,"{""ppo.learning_rate"": {""base"": 0.0001, ""value"": 1e-05}}",True,optimizer.first_update.early_stopped,False,,,
stage-a,lr_1e5,11,,completed,"{""ppo.learning_rate"": {""base"": 0.0001, ""value"": 1e-05}}",True,optimizer.first_update.stop_kl,0.0,,,
stage-a,lr_1e5,11,,completed,"{""ppo.learning_rate"": {""base"": 0.0001, ""value"": 1e-05}}",True,optimizer.first_update.initial_mean_abs,0.403064715110221,,,
stage-a,lr_1e5,11,,completed,"{""ppo.learning_rate"": {""base"": 0.0001, ""value"": 1e-05}}",True,optimizer.first_update.initial_std_mean,0.20000000298023224,,,
stage-a,lr_1e5,11,,completed,"{""ppo.learning_rate"": {""base"": 0.0001, ""value"": 1e-05}}",True,optimizer.first_update.initial_std_min,0.20000000298023224,,,
stage-a,lr_1e5,11,,completed,"{""ppo.learning_rate"": {""base"": 0.0001, ""value"": 1e-05}}",True,optimizer.first_update.initial_std_max,0.20000000298023224,,,
stage-a,lr_1e5,11,,completed,"{""ppo.learning_rate"": {""base"": 0.0001, ""value"": 1e-05}}",True,optimizer.first_update.first_step_kl,0.0018115811153352917,,,
stage-a,lr_1e5,11,,completed,"{""ppo.learning_rate"": {""base"": 0.0001, ""value"": 1e-05}}",True,optimizer.first_update.first_step_mean_kl,0.0018115805142971128,,,
stage-a,lr_1e5,11,,completed,"{""ppo.learning_rate"": {""base"": 0.0001, ""value"": 1e-05}}",True,optimizer.first_update.first_step_std_kl,6.010381787571967e-10,,,
stage-a,lr_1e5,11,,completed,"{""ppo.learning_rate"": {""base"": 0.0001, ""value"": 1e-05}}",True,optimizer.first_update.first_step_mean_change_rms,0.004914729854729808,,,
stage-a,lr_1e5,11,,completed,"{""ppo.learning_rate"": {""base"": 0.0001, ""value"": 1e-05}}",True,optimizer.first_update.first_step_normalized_mean_change_rms,0.02457364890747314,,,
stage-a,lr_1e5,11,,completed,"{""ppo.learning_rate"": {""base"": 0.0001, ""value"": 1e-05}}",True,optimizer.first_update.final_kl,0.005624409980209371,,,
stage-a,lr_1e5,11,,completed,"{""ppo.learning_rate"": {""base"": 0.0001, ""value"": 1e-05}}",True,optimizer.first_update.final_mean_kl,0.005624398519341077,,,
stage-a,lr_1e5,11,,completed,"{""ppo.learning_rate"": {""base"": 0.0001, ""value"": 1e-05}}",True,optimizer.first_update.final_std_kl,1.1460868293383146e-08,,,
stage-a,lr_1e5,11,,completed,"{""ppo.learning_rate"": {""base"": 0.0001, ""value"": 1e-05}}",True,optimizer.first_update.final_mean_change_rms,0.008659912692849568,,,
stage-a,lr_1e5,11,,completed,"{""ppo.learning_rate"": {""base"": 0.0001, ""value"": 1e-05}}",True,optimizer.first_update.final_std_mean,0.20000450561443964,,,
stage-a,lr_1e5,11,,completed,"{""ppo.learning_rate"": {""base"": 0.0001, ""value"": 1e-05}}",True,optimizer.last_update.actor_loss,-0.0006767690065316856,,,
stage-a,lr_1e5,11,,completed,"{""ppo.learning_rate"": {""base"": 0.0001, ""value"": 1e-05}}",True,optimizer.last_update.value_loss,0.0055215449538081884,,,
stage-a,lr_1e5,11,,completed,"{""ppo.learning_rate"": {""base"": 0.0001, ""value"": 1e-05}}",True,optimizer.last_update.entropy,-1.142112746834755,,,
stage-a,lr_1e5,11,,completed,"{""ppo.learning_rate"": {""base"": 0.0001, ""value"": 1e-05}}",True,optimizer.last_update.kl,0.002164426267881936,,,
stage-a,lr_1e5,11,,completed,"{""ppo.learning_rate"": {""base"": 0.0001, ""value"": 1e-05}}",True,optimizer.last_update.clip_fraction,0.018768310546875,,,
stage-a,lr_1e5,11,,completed,"{""ppo.learning_rate"": {""base"": 0.0001, ""value"": 1e-05}}",True,optimizer.last_update.loss,0.010555339453276247,,,
stage-a,lr_1e5,11,,completed,"{""ppo.learning_rate"": {""base"": 0.0001, ""value"": 1e-05}}",True,optimizer.last_update.auxiliary_loss,0.0,,,
stage-a,lr_1e5,11,,completed,"{""ppo.learning_rate"": {""base"": 0.0001, ""value"": 1e-05}}",True,optimizer.last_update.auxiliary_coef,0.0,,,
stage-a,lr_1e5,11,,completed,"{""ppo.learning_rate"": {""base"": 0.0001, ""value"": 1e-05}}",True,optimizer.last_update.grad_norm,3.3271086513996124,,,
stage-a,lr_1e5,11,,completed,"{""ppo.learning_rate"": {""base"": 0.0001, ""value"": 1e-05}}",True,optimizer.last_update.optimizer_steps,8,,,
stage-a,lr_1e5,11,,completed,"{""ppo.learning_rate"": {""base"": 0.0001, ""value"": 1e-05}}",True,optimizer.last_update.planned_optimizer_steps,8,,,
stage-a,lr_1e5,11,,completed,"{""ppo.learning_rate"": {""base"": 0.0001, ""value"": 1e-05}}",True,optimizer.last_update.sample_count,32768,,,
stage-a,lr_1e5,11,,completed,"{""ppo.learning_rate"": {""base"": 0.0001, ""value"": 1e-05}}",True,optimizer.last_update.early_stopped,False,,,
stage-a,lr_1e5,11,,completed,"{""ppo.learning_rate"": {""base"": 0.0001, ""value"": 1e-05}}",True,optimizer.last_update.stop_kl,0.0,,,
stage-a,lr_1e5,11,,completed,"{""ppo.learning_rate"": {""base"": 0.0001, ""value"": 1e-05}}",True,optimizer.last_update.initial_mean_abs,0.42314827715989384,,,
stage-a,lr_1e5,11,,completed,"{""ppo.learning_rate"": {""base"": 0.0001, ""value"": 1e-05}}",True,optimizer.last_update.initial_std_mean,0.20002935826778412,,,
stage-a,lr_1e5,11,,completed,"{""ppo.learning_rate"": {""base"": 0.0001, ""value"": 1e-05}}",True,optimizer.last_update.initial_std_min,0.19998224079608917,,,
stage-a,lr_1e5,11,,completed,"{""ppo.learning_rate"": {""base"": 0.0001, ""value"": 1e-05}}",True,optimizer.last_update.initial_std_max,0.20007748901844025,,,
stage-a,lr_1e5,11,,completed,"{""ppo.learning_rate"": {""base"": 0.0001, ""value"": 1e-05}}",True,optimizer.last_update.first_step_kl,6.044874901803695e-05,,,
stage-a,lr_1e5,11,,completed,"{""ppo.learning_rate"": {""base"": 0.0001, ""value"": 1e-05}}",True,optimizer.last_update.first_step_mean_kl,6.044871686322998e-05,,,
stage-a,lr_1e5,11,,completed,"{""ppo.learning_rate"": {""base"": 0.0001, ""value"": 1e-05}}",True,optimizer.last_update.first_step_std_kl,3.215480696729558e-11,,,
stage-a,lr_1e5,11,,completed,"{""ppo.learning_rate"": {""base"": 0.0001, ""value"": 1e-05}}",True,optimizer.last_update.first_step_mean_change_rms,0.0008978523014582121,,,
stage-a,lr_1e5,11,,completed,"{""ppo.learning_rate"": {""base"": 0.0001, ""value"": 1e-05}}",True,optimizer.last_update.first_step_normalized_mean_change_rms,0.004488827865614887,,,
stage-a,lr_1e5,11,,completed,"{""ppo.learning_rate"": {""base"": 0.0001, ""value"": 1e-05}}",True,optimizer.last_update.final_kl,0.007142168641950724,,,
stage-a,lr_1e5,11,,completed,"{""ppo.learning_rate"": {""base"": 0.0001, ""value"": 1e-05}}",True,optimizer.last_update.final_mean_kl,0.007142167080731905,,,
stage-a,lr_1e5,11,,completed,"{""ppo.learning_rate"": {""base"": 0.0001, ""value"": 1e-05}}",True,optimizer.last_update.final_std_kl,1.5612188188528426e-09,,,
stage-a,lr_1e5,11,,completed,"{""ppo.learning_rate"": {""base"": 0.0001, ""value"": 1e-05}}",True,optimizer.last_update.final_mean_change_rms,0.00975859308796113,,,
stage-a,lr_1e5,11,,completed,"{""ppo.learning_rate"": {""base"": 0.0001, ""value"": 1e-05}}",True,optimizer.last_update.final_std_mean,0.20002976804971695,,,
stage-a,lr_1e5,11,,completed,"{""ppo.learning_rate"": {""base"": 0.0001, ""value"": 1e-05}}",True,optimizer.update_mean.first_step_kl,0.00012659333517418857,,,
stage-a,lr_1e5,11,,completed,"{""ppo.learning_rate"": {""base"": 0.0001, ""value"": 1e-05}}",True,optimizer.update_mean.first_step_mean_kl,0.00012659327132064915,,,
stage-a,lr_1e5,11,,completed,"{""ppo.learning_rate"": {""base"": 0.0001, ""value"": 1e-05}}",True,optimizer.update_mean.first_step_std_kl,6.385353941962137e-11,,,
stage-a,lr_1e5,11,,completed,"{""ppo.learning_rate"": {""base"": 0.0001, ""value"": 1e-05}}",True,optimizer.update_mean.final_kl,0.004331175853588988,,,
stage-a,lr_1e5,11,,completed,"{""ppo.learning_rate"": {""base"": 0.0001, ""value"": 1e-05}}",True,optimizer.update_mean.final_mean_kl,0.004331173126836357,,,
stage-a,lr_1e5,11,,completed,"{""ppo.learning_rate"": {""base"": 0.0001, ""value"": 1e-05}}",True,optimizer.update_mean.final_std_kl,2.7267526310800037e-09,,,
stage-a,lr_1e5,11,,completed,"{""ppo.learning_rate"": {""base"": 0.0001, ""value"": 1e-05}}",True,optimizer.update_mean.initial_mean_abs,0.38091512610819944,,,
stage-a,lr_1e5,11,,completed,"{""ppo.learning_rate"": {""base"": 0.0001, ""value"": 1e-05}}",True,optimizer.update_mean.grad_norm,2.7801326107233764,,,
stage-a,lr_1e5,11,0.3,completed,"{""ppo.learning_rate"": {""base"": 0.0001, ""value"": 1e-05}}",True,height_abs_error,0.06569066532887519,,,
stage-a,lr_1e5,11,0.3,completed,"{""ppo.learning_rate"": {""base"": 0.0001, ""value"": 1e-05}}",True,non_wheel_net_force,42.491047496199606,,,
stage-a,lr_1e5,11,0.3,completed,"{""ppo.learning_rate"": {""base"": 0.0001, ""value"": 1e-05}}",True,planar_speed,0.020443009019254534,,,
stage-a,lr_1e5,11,0.3,completed,"{""ppo.learning_rate"": {""base"": 0.0001, ""value"": 1e-05}}",True,vx_abs_error,0.014597615311352001,,,
stage-a,lr_1e5,11,0.3,completed,"{""ppo.learning_rate"": {""base"": 0.0001, ""value"": 1e-05}}",True,wz_abs_error,0.0462938669292392,,,
stage-a,init_scale_01,11,,completed,"{""model.mean_init_scale"": {""base"": 1.0, ""value"": 0.1}}",True,nominal_full_budget_optimizer_steps,320,,,
stage-a,init_scale_01,11,,completed,"{""model.mean_init_scale"": {""base"": 1.0, ""value"": 0.1}}",True,optimizer.updates_observed,40,,,
stage-a,init_scale_01,11,,completed,"{""model.mean_init_scale"": {""base"": 1.0, ""value"": 0.1}}",True,optimizer.optimizer_steps,319,,,
stage-a,init_scale_01,11,,completed,"{""model.mean_init_scale"": {""base"": 1.0, ""value"": 0.1}}",True,optimizer.planned_optimizer_steps,320,,,
stage-a,init_scale_01,11,,completed,"{""model.mean_init_scale"": {""base"": 1.0, ""value"": 0.1}}",True,optimizer.optimizer_step_utilization,0.996875,,,
stage-a,init_scale_01,11,,completed,"{""model.mean_init_scale"": {""base"": 1.0, ""value"": 0.1}}",True,optimizer.early_stopped_fraction,0.025,,,
stage-a,init_scale_01,11,,completed,"{""model.mean_init_scale"": {""base"": 1.0, ""value"": 0.1}}",True,optimizer.first_update.actor_loss,-2.0830193534493446e-05,,,
stage-a,init_scale_01,11,,completed,"{""model.mean_init_scale"": {""base"": 1.0, ""value"": 0.1}}",True,optimizer.first_update.value_loss,0.01592965645249933,,,
stage-a,init_scale_01,11,,completed,"{""model.mean_init_scale"": {""base"": 1.0, ""value"": 0.1}}",True,optimizer.first_update.entropy,-1.1419645249843597,,,
stage-a,init_scale_01,11,,completed,"{""model.mean_init_scale"": {""base"": 1.0, ""value"": 0.1}}",True,optimizer.first_update.kl,0.004238045454258099,,,
stage-a,init_scale_01,11,,completed,"{""model.mean_init_scale"": {""base"": 1.0, ""value"": 0.1}}",True,optimizer.first_update.clip_fraction,0.04144287109375,,,
stage-a,init_scale_01,11,,completed,"{""model.mean_init_scale"": {""base"": 1.0, ""value"": 0.1}}",True,optimizer.first_update.loss,0.02161864918889478,,,
stage-a,init_scale_01,11,,completed,"{""model.mean_init_scale"": {""base"": 1.0, ""value"": 0.1}}",True,optimizer.first_update.auxiliary_loss,0.0,,,
stage-a,init_scale_01,11,,completed,"{""model.mean_init_scale"": {""base"": 1.0, ""value"": 0.1}}",True,optimizer.first_update.auxiliary_coef,0.0,,,
stage-a,init_scale_01,11,,completed,"{""model.mean_init_scale"": {""base"": 1.0, ""value"": 0.1}}",True,optimizer.first_update.grad_norm,1.838611364364624,,,
stage-a,init_scale_01,11,,completed,"{""model.mean_init_scale"": {""base"": 1.0, ""value"": 0.1}}",True,optimizer.first_update.optimizer_steps,8,,,
stage-a,init_scale_01,11,,completed,"{""model.mean_init_scale"": {""base"": 1.0, ""value"": 0.1}}",True,optimizer.first_update.planned_optimizer_steps,8,,,
stage-a,init_scale_01,11,,completed,"{""model.mean_init_scale"": {""base"": 1.0, ""value"": 0.1}}",True,optimizer.first_update.sample_count,32768,,,
stage-a,init_scale_01,11,,completed,"{""model.mean_init_scale"": {""base"": 1.0, ""value"": 0.1}}",True,optimizer.first_update.early_stopped,False,,,
stage-a,init_scale_01,11,,completed,"{""model.mean_init_scale"": {""base"": 1.0, ""value"": 0.1}}",True,optimizer.first_update.stop_kl,0.0,,,
stage-a,init_scale_01,11,,completed,"{""model.mean_init_scale"": {""base"": 1.0, ""value"": 0.1}}",True,optimizer.first_update.initial_mean_abs,0.040136444268561514,,,
stage-a,init_scale_01,11,,completed,"{""model.mean_init_scale"": {""base"": 1.0, ""value"": 0.1}}",True,optimizer.first_update.initial_std_mean,0.20000000298023224,,,
stage-a,init_scale_01,11,,completed,"{""model.mean_init_scale"": {""base"": 1.0, ""value"": 0.1}}",True,optimizer.first_update.initial_std_min,0.20000000298023224,,,
stage-a,init_scale_01,11,,completed,"{""model.mean_init_scale"": {""base"": 1.0, ""value"": 0.1}}",True,optimizer.first_update.initial_std_max,0.20000000298023224,,,
stage-a,init_scale_01,11,,completed,"{""model.mean_init_scale"": {""base"": 1.0, ""value"": 0.1}}",True,optimizer.first_update.first_step_kl,0.004092121321850068,,,
stage-a,init_scale_01,11,,completed,"{""model.mean_init_scale"": {""base"": 1.0, ""value"": 0.1}}",True,optimizer.first_update.first_step_mean_kl,0.0040920613294550805,,,
stage-a,init_scale_01,11,,completed,"{""model.mean_init_scale"": {""base"": 1.0, ""value"": 0.1}}",True,optimizer.first_update.first_step_std_kl,5.999239498749684e-08,,,
stage-a,init_scale_01,11,,completed,"{""model.mean_init_scale"": {""base"": 1.0, ""value"": 0.1}}",True,optimizer.first_update.first_step_mean_change_rms,0.007387173376350827,,,
stage-a,init_scale_01,11,,completed,"{""model.mean_init_scale"": {""base"": 1.0, ""value"": 0.1}}",True,optimizer.first_update.first_step_normalized_mean_change_rms,0.036935866331366835,,,
stage-a,init_scale_01,11,,completed,"{""model.mean_init_scale"": {""base"": 1.0, ""value"": 0.1}}",True,optimizer.first_update.final_kl,0.005992614562719292,,,
stage-a,init_scale_01,11,,completed,"{""model.mean_init_scale"": {""base"": 1.0, ""value"": 0.1}}",True,optimizer.first_update.final_mean_kl,0.005991036637335129,,,
stage-a,init_scale_01,11,,completed,"{""model.mean_init_scale"": {""base"": 1.0, ""value"": 0.1}}",True,optimizer.first_update.final_std_kl,1.5779253841622038e-06,,,
stage-a,init_scale_01,11,,completed,"{""model.mean_init_scale"": {""base"": 1.0, ""value"": 0.1}}",True,optimizer.first_update.final_mean_change_rms,0.008941046098754003,,,
stage-a,init_scale_01,11,,completed,"{""model.mean_init_scale"": {""base"": 1.0, ""value"": 0.1}}",True,optimizer.first_update.final_std_mean,0.20006619145472843,,,
stage-a,init_scale_01,11,,completed,"{""model.mean_init_scale"": {""base"": 1.0, ""value"": 0.1}}",True,optimizer.last_update.actor_loss,-0.0010885141673497856,,,
stage-a,init_scale_01,11,,completed,"{""model.mean_init_scale"": {""base"": 1.0, ""value"": 0.1}}",True,optimizer.last_update.value_loss,0.0028854322154074907,,,
stage-a,init_scale_01,11,,completed,"{""model.mean_init_scale"": {""base"": 1.0, ""value"": 0.1}}",True,optimizer.last_update.entropy,-1.1401106268167496,,,
stage-a,init_scale_01,11,,completed,"{""model.mean_init_scale"": {""base"": 1.0, ""value"": 0.1}}",True,optimizer.last_update.kl,0.004061839505084208,,,
stage-a,init_scale_01,11,,completed,"{""model.mean_init_scale"": {""base"": 1.0, ""value"": 0.1}}",True,optimizer.last_update.clip_fraction,0.0472412109375,,,
stage-a,init_scale_01,11,,completed,"{""model.mean_init_scale"": {""base"": 1.0, ""value"": 0.1}}",True,optimizer.last_update.loss,0.007497470884118229,,,
stage-a,init_scale_01,11,,completed,"{""model.mean_init_scale"": {""base"": 1.0, ""value"": 0.1}}",True,optimizer.last_update.auxiliary_loss,0.0,,,
stage-a,init_scale_01,11,,completed,"{""model.mean_init_scale"": {""base"": 1.0, ""value"": 0.1}}",True,optimizer.last_update.auxiliary_coef,0.0,,,
stage-a,init_scale_01,11,,completed,"{""model.mean_init_scale"": {""base"": 1.0, ""value"": 0.1}}",True,optimizer.last_update.grad_norm,2.0326400697231293,,,
stage-a,init_scale_01,11,,completed,"{""model.mean_init_scale"": {""base"": 1.0, ""value"": 0.1}}",True,optimizer.last_update.optimizer_steps,8,,,
stage-a,init_scale_01,11,,completed,"{""model.mean_init_scale"": {""base"": 1.0, ""value"": 0.1}}",True,optimizer.last_update.planned_optimizer_steps,8,,,
stage-a,init_scale_01,11,,completed,"{""model.mean_init_scale"": {""base"": 1.0, ""value"": 0.1}}",True,optimizer.last_update.sample_count,32768,,,
stage-a,init_scale_01,11,,completed,"{""model.mean_init_scale"": {""base"": 1.0, ""value"": 0.1}}",True,optimizer.last_update.early_stopped,False,,,
stage-a,init_scale_01,11,,completed,"{""model.mean_init_scale"": {""base"": 1.0, ""value"": 0.1}}",True,optimizer.last_update.stop_kl,0.0,,,
stage-a,init_scale_01,11,,completed,"{""model.mean_init_scale"": {""base"": 1.0, ""value"": 0.1}}",True,optimizer.last_update.initial_mean_abs,0.15327663052399743,,,
stage-a,init_scale_01,11,,completed,"{""model.mean_init_scale"": {""base"": 1.0, ""value"": 0.1}}",True,optimizer.last_update.initial_std_mean,0.20008792728185654,,,
stage-a,init_scale_01,11,,completed,"{""model.mean_init_scale"": {""base"": 1.0, ""value"": 0.1}}",True,optimizer.last_update.initial_std_min,0.19977693259716034,,,
stage-a,init_scale_01,11,,completed,"{""model.mean_init_scale"": {""base"": 1.0, ""value"": 0.1}}",True,optimizer.last_update.initial_std_max,0.20075057446956635,,,
stage-a,init_scale_01,11,,completed,"{""model.mean_init_scale"": {""base"": 1.0, ""value"": 0.1}}",True,optimizer.last_update.first_step_kl,0.0001784543785579424,,,
stage-a,init_scale_01,11,,completed,"{""model.mean_init_scale"": {""base"": 1.0, ""value"": 0.1}}",True,optimizer.last_update.first_step_mean_kl,0.00017844993755832835,,,
stage-a,init_scale_01,11,,completed,"{""model.mean_init_scale"": {""base"": 1.0, ""value"": 0.1}}",True,optimizer.last_update.first_step_std_kl,4.4409996140565115e-09,,,
stage-a,init_scale_01,11,,completed,"{""model.mean_init_scale"": {""base"": 1.0, ""value"": 0.1}}",True,optimizer.last_update.first_step_mean_change_rms,0.0015445759948106417,,,
stage-a,init_scale_01,11,,completed,"{""model.mean_init_scale"": {""base"": 1.0, ""value"": 0.1}}",True,optimizer.last_update.first_step_normalized_mean_change_rms,0.0077125742970751915,,,
stage-a,init_scale_01,11,,completed,"{""model.mean_init_scale"": {""base"": 1.0, ""value"": 0.1}}",True,optimizer.last_update.final_kl,0.007899661904212563,,,
stage-a,init_scale_01,11,,completed,"{""model.mean_init_scale"": {""base"": 1.0, ""value"": 0.1}}",True,optimizer.last_update.final_mean_kl,0.007899437690241692,,,
stage-a,init_scale_01,11,,completed,"{""model.mean_init_scale"": {""base"": 1.0, ""value"": 0.1}}",True,optimizer.last_update.final_std_kl,2.2421397087110983e-07,,,
stage-a,init_scale_01,11,,completed,"{""model.mean_init_scale"": {""base"": 1.0, ""value"": 0.1}}",True,optimizer.last_update.final_mean_change_rms,0.010271145278613792,,,
stage-a,init_scale_01,11,,completed,"{""model.mean_init_scale"": {""base"": 1.0, ""value"": 0.1}}",True,optimizer.last_update.final_std_mean,0.20010546098152796,,,
stage-a,init_scale_01,11,,completed,"{""model.mean_init_scale"": {""base"": 1.0, ""value"": 0.1}}",True,optimizer.update_mean.first_step_kl,0.00028516107618580303,,,
stage-a,init_scale_01,11,,completed,"{""model.mean_init_scale"": {""base"": 1.0, ""value"": 0.1}}",True,optimizer.update_mean.first_step_mean_kl,0.00028515532936897365,,,
stage-a,init_scale_01,11,,completed,"{""model.mean_init_scale"": {""base"": 1.0, ""value"": 0.1}}",True,optimizer.update_mean.first_step_std_kl,5.74681682935367e-09,,,
stage-a,init_scale_01,11,,completed,"{""model.mean_init_scale"": {""base"": 1.0, ""value"": 0.1}}",True,optimizer.update_mean.final_kl,0.005826629808971505,,,
stage-a,init_scale_01,11,,completed,"{""model.mean_init_scale"": {""base"": 1.0, ""value"": 0.1}}",True,optimizer.update_mean.final_mean_kl,0.0058263955607416535,,,
stage-a,init_scale_01,11,,completed,"{""model.mean_init_scale"": {""base"": 1.0, ""value"": 0.1}}",True,optimizer.update_mean.final_std_kl,2.3424822985216324e-07,,,
stage-a,init_scale_01,11,,completed,"{""model.mean_init_scale"": {""base"": 1.0, ""value"": 0.1}}",True,optimizer.update_mean.initial_mean_abs,0.081188276354821,,,
stage-a,init_scale_01,11,,completed,"{""model.mean_init_scale"": {""base"": 1.0, ""value"": 0.1}}",True,optimizer.update_mean.grad_norm,1.804420141263732,,,
stage-a,init_scale_01,11,0.3,completed,"{""model.mean_init_scale"": {""base"": 1.0, ""value"": 0.1}}",True,height_abs_error,0.039715193280329304,,,
stage-a,init_scale_01,11,0.3,completed,"{""model.mean_init_scale"": {""base"": 1.0, ""value"": 0.1}}",True,non_wheel_net_force,112.1234439031283,,,
stage-a,init_scale_01,11,0.3,completed,"{""model.mean_init_scale"": {""base"": 1.0, ""value"": 0.1}}",True,planar_speed,0.027358461264484504,,,
stage-a,init_scale_01,11,0.3,completed,"{""model.mean_init_scale"": {""base"": 1.0, ""value"": 0.1}}",True,vx_abs_error,0.023027072007124238,,,
stage-a,init_scale_01,11,0.3,completed,"{""model.mean_init_scale"": {""base"": 1.0, ""value"": 0.1}}",True,wz_abs_error,0.03565629453992491,,,
stage-a,init_scale_001,11,,completed,"{""model.mean_init_scale"": {""base"": 1.0, ""value"": 0.01}}",True,nominal_full_budget_optimizer_steps,320,,,
stage-a,init_scale_001,11,,completed,"{""model.mean_init_scale"": {""base"": 1.0, ""value"": 0.01}}",True,optimizer.updates_observed,40,,,
stage-a,init_scale_001,11,,completed,"{""model.mean_init_scale"": {""base"": 1.0, ""value"": 0.01}}",True,optimizer.optimizer_steps,317,,,
stage-a,init_scale_001,11,,completed,"{""model.mean_init_scale"": {""base"": 1.0, ""value"": 0.01}}",True,optimizer.planned_optimizer_steps,320,,,
stage-a,init_scale_001,11,,completed,"{""model.mean_init_scale"": {""base"": 1.0, ""value"": 0.01}}",True,optimizer.optimizer_step_utilization,0.990625,,,
stage-a,init_scale_001,11,,completed,"{""model.mean_init_scale"": {""base"": 1.0, ""value"": 0.01}}",True,optimizer.early_stopped_fraction,0.05,,,
stage-a,init_scale_001,11,,completed,"{""model.mean_init_scale"": {""base"": 1.0, ""value"": 0.01}}",True,optimizer.first_update.actor_loss,-0.00032507345895282924,,,
stage-a,init_scale_001,11,,completed,"{""model.mean_init_scale"": {""base"": 1.0, ""value"": 0.01}}",True,optimizer.first_update.value_loss,0.014370277291163802,,,
stage-a,init_scale_001,11,,completed,"{""model.mean_init_scale"": {""base"": 1.0, ""value"": 0.01}}",True,optimizer.first_update.entropy,-1.1419133692979813,,,
stage-a,init_scale_001,11,,completed,"{""model.mean_init_scale"": {""base"": 1.0, ""value"": 0.01}}",True,optimizer.first_update.kl,0.002434858339256607,,,
stage-a,init_scale_001,11,,completed,"{""model.mean_init_scale"": {""base"": 1.0, ""value"": 0.01}}",True,optimizer.first_update.clip_fraction,0.012115478515625,,,
stage-a,init_scale_001,11,,completed,"{""model.mean_init_scale"": {""base"": 1.0, ""value"": 0.01}}",True,optimizer.first_update.loss,0.01975477021187544,,,
stage-a,init_scale_001,11,,completed,"{""model.mean_init_scale"": {""base"": 1.0, ""value"": 0.01}}",True,optimizer.first_update.auxiliary_loss,0.0,,,
stage-a,init_scale_001,11,,completed,"{""model.mean_init_scale"": {""base"": 1.0, ""value"": 0.01}}",True,optimizer.first_update.auxiliary_coef,0.0,,,
stage-a,init_scale_001,11,,completed,"{""model.mean_init_scale"": {""base"": 1.0, ""value"": 0.01}}",True,optimizer.first_update.grad_norm,1.4077637642621994,,,
stage-a,init_scale_001,11,,completed,"{""model.mean_init_scale"": {""base"": 1.0, ""value"": 0.01}}",True,optimizer.first_update.optimizer_steps,8,,,
stage-a,init_scale_001,11,,completed,"{""model.mean_init_scale"": {""base"": 1.0, ""value"": 0.01}}",True,optimizer.first_update.planned_optimizer_steps,8,,,
stage-a,init_scale_001,11,,completed,"{""model.mean_init_scale"": {""base"": 1.0, ""value"": 0.01}}",True,optimizer.first_update.sample_count,32768,,,
stage-a,init_scale_001,11,,completed,"{""model.mean_init_scale"": {""base"": 1.0, ""value"": 0.01}}",True,optimizer.first_update.early_stopped,False,,,
stage-a,init_scale_001,11,,completed,"{""model.mean_init_scale"": {""base"": 1.0, ""value"": 0.01}}",True,optimizer.first_update.stop_kl,0.0,,,
stage-a,init_scale_001,11,,completed,"{""model.mean_init_scale"": {""base"": 1.0, ""value"": 0.01}}",True,optimizer.first_update.initial_mean_abs,0.004014354986800306,,,
stage-a,init_scale_001,11,,completed,"{""model.mean_init_scale"": {""base"": 1.0, ""value"": 0.01}}",True,optimizer.first_update.initial_std_mean,0.20000000298023224,,,
stage-a,init_scale_001,11,,completed,"{""model.mean_init_scale"": {""base"": 1.0, ""value"": 0.01}}",True,optimizer.first_update.initial_std_min,0.20000000298023224,,,
stage-a,init_scale_001,11,,completed,"{""model.mean_init_scale"": {""base"": 1.0, ""value"": 0.01}}",True,optimizer.first_update.initial_std_max,0.20000000298023224,,,
stage-a,init_scale_001,11,,completed,"{""model.mean_init_scale"": {""base"": 1.0, ""value"": 0.01}}",True,optimizer.first_update.first_step_kl,0.0009291767944377572,,,
stage-a,init_scale_001,11,,completed,"{""model.mean_init_scale"": {""base"": 1.0, ""value"": 0.01}}",True,optimizer.first_update.first_step_mean_kl,0.0009291168020427697,,,
stage-a,init_scale_001,11,,completed,"{""model.mean_init_scale"": {""base"": 1.0, ""value"": 0.01}}",True,optimizer.first_update.first_step_std_kl,5.999239498749684e-08,,,
stage-a,init_scale_001,11,,completed,"{""model.mean_init_scale"": {""base"": 1.0, ""value"": 0.01}}",True,optimizer.first_update.first_step_mean_change_rms,0.0035199737120138125,,,
stage-a,init_scale_001,11,,completed,"{""model.mean_init_scale"": {""base"": 1.0, ""value"": 0.01}}",True,optimizer.first_update.first_step_normalized_mean_change_rms,0.01759986829781059,,,
stage-a,init_scale_001,11,,completed,"{""model.mean_init_scale"": {""base"": 1.0, ""value"": 0.01}}",True,optimizer.first_update.final_kl,0.003859987853528421,,,
stage-a,init_scale_001,11,,completed,"{""model.mean_init_scale"": {""base"": 1.0, ""value"": 0.01}}",True,optimizer.first_update.final_mean_kl,0.003858417371850908,,,
stage-a,init_scale_001,11,,completed,"{""model.mean_init_scale"": {""base"": 1.0, ""value"": 0.01}}",True,optimizer.first_update.final_std_kl,1.5704816775134137e-06,,,
stage-a,init_scale_001,11,,completed,"{""model.mean_init_scale"": {""base"": 1.0, ""value"": 0.01}}",True,optimizer.first_update.final_mean_change_rms,0.007174956861049627,,,
stage-a,init_scale_001,11,,completed,"{""model.mean_init_scale"": {""base"": 1.0, ""value"": 0.01}}",True,optimizer.first_update.final_std_mean,0.20006925612688065,,,
stage-a,init_scale_001,11,,completed,"{""model.mean_init_scale"": {""base"": 1.0, ""value"": 0.01}}",True,optimizer.last_update.actor_loss,0.0007016360759735107,,,
stage-a,init_scale_001,11,,completed,"{""model.mean_init_scale"": {""base"": 1.0, ""value"": 0.01}}",True,optimizer.last_update.value_loss,0.0027805708426361284,,,
stage-a,init_scale_001,11,,completed,"{""model.mean_init_scale"": {""base"": 1.0, ""value"": 0.01}}",True,optimizer.last_update.entropy,-1.1310227314631145,,,
stage-a,init_scale_001,11,,completed,"{""model.mean_init_scale"": {""base"": 1.0, ""value"": 0.01}}",True,optimizer.last_update.kl,0.002940914884675294,,,
stage-a,init_scale_001,11,,completed,"{""model.mean_init_scale"": {""base"": 1.0, ""value"": 0.01}}",True,optimizer.last_update.clip_fraction,0.029500325520833332,,,
stage-a,init_scale_001,11,,completed,"{""model.mean_init_scale"": {""base"": 1.0, ""value"": 0.01}}",True,optimizer.last_update.loss,0.009137320487449566,,,
stage-a,init_scale_001,11,,completed,"{""model.mean_init_scale"": {""base"": 1.0, ""value"": 0.01}}",True,optimizer.last_update.auxiliary_loss,0.0,,,
stage-a,init_scale_001,11,,completed,"{""model.mean_init_scale"": {""base"": 1.0, ""value"": 0.01}}",True,optimizer.last_update.auxiliary_coef,0.0,,,
stage-a,init_scale_001,11,,completed,"{""model.mean_init_scale"": {""base"": 1.0, ""value"": 0.01}}",True,optimizer.last_update.grad_norm,1.9420969088872273,,,
stage-a,init_scale_001,11,,completed,"{""model.mean_init_scale"": {""base"": 1.0, ""value"": 0.01}}",True,optimizer.last_update.optimizer_steps,6,,,
stage-a,init_scale_001,11,,completed,"{""model.mean_init_scale"": {""base"": 1.0, ""value"": 0.01}}",True,optimizer.last_update.planned_optimizer_steps,8,,,
stage-a,init_scale_001,11,,completed,"{""model.mean_init_scale"": {""base"": 1.0, ""value"": 0.01}}",True,optimizer.last_update.sample_count,24576,,,
stage-a,init_scale_001,11,,completed,"{""model.mean_init_scale"": {""base"": 1.0, ""value"": 0.01}}",True,optimizer.last_update.early_stopped,True,,,
stage-a,init_scale_001,11,,completed,"{""model.mean_init_scale"": {""base"": 1.0, ""value"": 0.01}}",True,optimizer.last_update.stop_kl,0.010731719434261322,,,
stage-a,init_scale_001,11,,completed,"{""model.mean_init_scale"": {""base"": 1.0, ""value"": 0.01}}",True,optimizer.last_update.initial_mean_abs,0.14793476793284258,,,
stage-a,init_scale_001,11,,completed,"{""model.mean_init_scale"": {""base"": 1.0, ""value"": 0.01}}",True,optimizer.last_update.initial_std_mean,0.200397789478302,,,
stage-a,init_scale_001,11,,completed,"{""model.mean_init_scale"": {""base"": 1.0, ""value"": 0.01}}",True,optimizer.last_update.initial_std_min,0.1998792141675949,,,
stage-a,init_scale_001,11,,completed,"{""model.mean_init_scale"": {""base"": 1.0, ""value"": 0.01}}",True,optimizer.last_update.initial_std_max,0.2007714807987213,,,
stage-a,init_scale_001,11,,completed,"{""model.mean_init_scale"": {""base"": 1.0, ""value"": 0.01}}",True,optimizer.last_update.first_step_kl,0.0001916606438099619,,,
stage-a,init_scale_001,11,,completed,"{""model.mean_init_scale"": {""base"": 1.0, ""value"": 0.01}}",True,optimizer.last_update.first_step_mean_kl,0.0001916576413363199,,,
stage-a,init_scale_001,11,,completed,"{""model.mean_init_scale"": {""base"": 1.0, ""value"": 0.01}}",True,optimizer.last_update.first_step_std_kl,3.002473642005007e-09,,,
stage-a,init_scale_001,11,,completed,"{""model.mean_init_scale"": {""base"": 1.0, ""value"": 0.01}}",True,optimizer.last_update.first_step_mean_change_rms,0.0016023890634042253,,,
stage-a,init_scale_001,11,,completed,"{""model.mean_init_scale"": {""base"": 1.0, ""value"": 0.01}}",True,optimizer.last_update.first_step_normalized_mean_change_rms,0.0079927873243627,,,
stage-a,init_scale_001,11,,completed,"{""model.mean_init_scale"": {""base"": 1.0, ""value"": 0.01}}",True,optimizer.last_update.final_kl,0.010771768497136484,,,
stage-a,init_scale_001,11,,completed,"{""model.mean_init_scale"": {""base"": 1.0, ""value"": 0.01}}",True,optimizer.last_update.final_mean_kl,0.010771666569796032,,,
stage-a,init_scale_001,11,,completed,"{""model.mean_init_scale"": {""base"": 1.0, ""value"": 0.01}}",True,optimizer.last_update.final_std_kl,1.0192734045188636e-07,,,
stage-a,init_scale_001,11,,completed,"{""model.mean_init_scale"": {""base"": 1.0, ""value"": 0.01}}",True,optimizer.last_update.final_mean_change_rms,0.012007291839306992,,,
stage-a,init_scale_001,11,,completed,"{""model.mean_init_scale"": {""base"": 1.0, ""value"": 0.01}}",True,optimizer.last_update.final_std_mean,0.20040322591861087,,,
stage-a,init_scale_001,11,,completed,"{""model.mean_init_scale"": {""base"": 1.0, ""value"": 0.01}}",True,optimizer.update_mean.first_step_kl,0.0001231733835235205,,,
stage-a,init_scale_001,11,,completed,"{""model.mean_init_scale"": {""base"": 1.0, ""value"": 0.01}}",True,optimizer.update_mean.first_step_mean_kl,0.00012316786922764237,,,
stage-a,init_scale_001,11,,completed,"{""model.mean_init_scale"": {""base"": 1.0, ""value"": 0.01}}",True,optimizer.update_mean.first_step_std_kl,5.514295878132503e-09,,,
stage-a,init_scale_001,11,,completed,"{""model.mean_init_scale"": {""base"": 1.0, ""value"": 0.01}}",True,optimizer.update_mean.final_kl,0.005957512919002855,,,
stage-a,init_scale_001,11,,completed,"{""model.mean_init_scale"": {""base"": 1.0, ""value"": 0.01}}",True,optimizer.update_mean.final_mean_kl,0.005957284171382455,,,
stage-a,init_scale_001,11,,completed,"{""model.mean_init_scale"": {""base"": 1.0, ""value"": 0.01}}",True,optimizer.update_mean.final_std_kl,2.287476203985831e-07,,,
stage-a,init_scale_001,11,,completed,"{""model.mean_init_scale"": {""base"": 1.0, ""value"": 0.01}}",True,optimizer.update_mean.initial_mean_abs,0.05751968670710676,,,
stage-a,init_scale_001,11,,completed,"{""model.mean_init_scale"": {""base"": 1.0, ""value"": 0.01}}",True,optimizer.update_mean.grad_norm,1.6499780046531842,,,
stage-a,init_scale_001,11,0.3,completed,"{""model.mean_init_scale"": {""base"": 1.0, ""value"": 0.01}}",True,height_abs_error,0.0776190078506867,,,
stage-a,init_scale_001,11,0.3,completed,"{""model.mean_init_scale"": {""base"": 1.0, ""value"": 0.01}}",True,non_wheel_net_force,53.3088477285703,,,
stage-a,init_scale_001,11,0.3,completed,"{""model.mean_init_scale"": {""base"": 1.0, ""value"": 0.01}}",True,planar_speed,0.021324787593487902,,,
stage-a,init_scale_001,11,0.3,completed,"{""model.mean_init_scale"": {""base"": 1.0, ""value"": 0.01}}",True,vx_abs_error,0.018122253197677008,,,
stage-a,init_scale_001,11,0.3,completed,"{""model.mean_init_scale"": {""base"": 1.0, ""value"": 0.01}}",True,wz_abs_error,0.02975391232088441,,,
stage-a,std_01,11,,failed,"{""model.initial_std"": {""base"": 0.2, ""value"": 0.1}}",True,nominal_full_budget_optimizer_steps,320,,,
stage-a,std_01,11,,failed,"{""model.initial_std"": {""base"": 0.2, ""value"": 0.1}}",True,failure.collected_transitions,16384,,,
stage-a,std_04,11,,completed,"{""model.initial_std"": {""base"": 0.2, ""value"": 0.4}}",True,nominal_full_budget_optimizer_steps,320,,,
stage-a,std_04,11,,completed,"{""model.initial_std"": {""base"": 0.2, ""value"": 0.4}}",True,optimizer.updates_observed,40,,,
stage-a,std_04,11,,completed,"{""model.initial_std"": {""base"": 0.2, ""value"": 0.4}}",True,optimizer.optimizer_steps,129,,,
stage-a,std_04,11,,completed,"{""model.initial_std"": {""base"": 0.2, ""value"": 0.4}}",True,optimizer.planned_optimizer_steps,320,,,
stage-a,std_04,11,,completed,"{""model.initial_std"": {""base"": 0.2, ""value"": 0.4}}",True,optimizer.optimizer_step_utilization,0.403125,,,
stage-a,std_04,11,,completed,"{""model.initial_std"": {""base"": 0.2, ""value"": 0.4}}",True,optimizer.early_stopped_fraction,0.8,,,
stage-a,std_04,11,,completed,"{""model.initial_std"": {""base"": 0.2, ""value"": 0.4}}",True,optimizer.first_update.actor_loss,-0.0047673424705863,,,
stage-a,std_04,11,,completed,"{""model.initial_std"": {""base"": 0.2, ""value"": 0.4}}",True,optimizer.first_update.value_loss,0.021883197128772736,,,
stage-a,std_04,11,,completed,"{""model.initial_std"": {""base"": 0.2, ""value"": 0.4}}",True,optimizer.first_update.entropy,3.0158867835998535,,,
stage-a,std_04,11,,completed,"{""model.initial_std"": {""base"": 0.2, ""value"": 0.4}}",True,optimizer.first_update.kl,0.0,,,
stage-a,std_04,11,,completed,"{""model.initial_std"": {""base"": 0.2, ""value"": 0.4}}",True,optimizer.first_update.clip_fraction,0.0,,,
stage-a,std_04,11,,completed,"{""model.initial_std"": {""base"": 0.2, ""value"": 0.4}}",True,optimizer.first_update.loss,0.0020364196971058846,,,
stage-a,std_04,11,,completed,"{""model.initial_std"": {""base"": 0.2, ""value"": 0.4}}",True,optimizer.first_update.auxiliary_loss,0.0,,,
stage-a,std_04,11,,completed,"{""model.initial_std"": {""base"": 0.2, ""value"": 0.4}}",True,optimizer.first_update.auxiliary_coef,0.0,,,
stage-a,std_04,11,,completed,"{""model.initial_std"": {""base"": 0.2, ""value"": 0.4}}",True,optimizer.first_update.grad_norm,1.12519371509552,,,
stage-a,std_04,11,,completed,"{""model.initial_std"": {""base"": 0.2, ""value"": 0.4}}",True,optimizer.first_update.optimizer_steps,1,,,
stage-a,std_04,11,,completed,"{""model.initial_std"": {""base"": 0.2, ""value"": 0.4}}",True,optimizer.first_update.planned_optimizer_steps,8,,,
stage-a,std_04,11,,completed,"{""model.initial_std"": {""base"": 0.2, ""value"": 0.4}}",True,optimizer.first_update.sample_count,4096,,,
stage-a,std_04,11,,completed,"{""model.initial_std"": {""base"": 0.2, ""value"": 0.4}}",True,optimizer.first_update.early_stopped,True,,,
stage-a,std_04,11,,completed,"{""model.initial_std"": {""base"": 0.2, ""value"": 0.4}}",True,optimizer.first_update.stop_kl,0.038117021322250366,,,
stage-a,std_04,11,,completed,"{""model.initial_std"": {""base"": 0.2, ""value"": 0.4}}",True,optimizer.first_update.initial_mean_abs,0.40420675638655484,,,
stage-a,std_04,11,,completed,"{""model.initial_std"": {""base"": 0.2, ""value"": 0.4}}",True,optimizer.first_update.initial_std_mean,0.4000000059604645,,,
stage-a,std_04,11,,completed,"{""model.initial_std"": {""base"": 0.2, ""value"": 0.4}}",True,optimizer.first_update.initial_std_min,0.4000000059604645,,,
stage-a,std_04,11,,completed,"{""model.initial_std"": {""base"": 0.2, ""value"": 0.4}}",True,optimizer.first_update.initial_std_max,0.4000000059604645,,,
stage-a,std_04,11,,completed,"{""model.initial_std"": {""base"": 0.2, ""value"": 0.4}}",True,optimizer.first_update.first_step_kl,0.03821055026339527,,,
stage-a,std_04,11,,completed,"{""model.initial_std"": {""base"": 0.2, ""value"": 0.4}}",True,optimizer.first_update.first_step_mean_kl,0.03821049028257674,,,
stage-a,std_04,11,,completed,"{""model.initial_std"": {""base"": 0.2, ""value"": 0.4}}",True,optimizer.first_update.first_step_std_kl,5.998081852875178e-08,,,
stage-a,std_04,11,,completed,"{""model.initial_std"": {""base"": 0.2, ""value"": 0.4}}",True,optimizer.first_update.first_step_mean_change_rms,0.0451450375787195,,,
stage-a,std_04,11,,completed,"{""model.initial_std"": {""base"": 0.2, ""value"": 0.4}}",True,optimizer.first_update.first_step_normalized_mean_change_rms,0.11286259226501508,,,
stage-a,std_04,11,,completed,"{""model.initial_std"": {""base"": 0.2, ""value"": 0.4}}",True,optimizer.first_update.final_kl,0.03821055026339527,,,
stage-a,std_04,11,,completed,"{""model.initial_std"": {""base"": 0.2, ""value"": 0.4}}",True,optimizer.first_update.final_mean_kl,0.03821049028257674,,,
stage-a,std_04,11,,completed,"{""model.initial_std"": {""base"": 0.2, ""value"": 0.4}}",True,optimizer.first_update.final_std_kl,5.998081852875178e-08,,,
stage-a,std_04,11,,completed,"{""model.initial_std"": {""base"": 0.2, ""value"": 0.4}}",True,optimizer.first_update.final_mean_change_rms,0.0451450375787195,,,
stage-a,std_04,11,,completed,"{""model.initial_std"": {""base"": 0.2, ""value"": 0.4}}",True,optimizer.first_update.final_std_mean,0.4000133375326792,,,
stage-a,std_04,11,,completed,"{""model.initial_std"": {""base"": 0.2, ""value"": 0.4}}",True,optimizer.last_update.actor_loss,-0.006558034452609718,,,
stage-a,std_04,11,,completed,"{""model.initial_std"": {""base"": 0.2, ""value"": 0.4}}",True,optimizer.last_update.value_loss,0.005182355409488082,,,
stage-a,std_04,11,,completed,"{""model.initial_std"": {""base"": 0.2, ""value"": 0.4}}",True,optimizer.last_update.entropy,3.018289566040039,,,
stage-a,std_04,11,,completed,"{""model.initial_std"": {""base"": 0.2, ""value"": 0.4}}",True,optimizer.last_update.kl,0.002389146015048027,,,
stage-a,std_04,11,,completed,"{""model.initial_std"": {""base"": 0.2, ""value"": 0.4}}",True,optimizer.last_update.clip_fraction,0.020263671875,,,
stage-a,std_04,11,,completed,"{""model.initial_std"": {""base"": 0.2, ""value"": 0.4}}",True,optimizer.last_update.loss,-0.01646712701767683,,,
stage-a,std_04,11,,completed,"{""model.initial_std"": {""base"": 0.2, ""value"": 0.4}}",True,optimizer.last_update.auxiliary_loss,0.0,,,
stage-a,std_04,11,,completed,"{""model.initial_std"": {""base"": 0.2, ""value"": 0.4}}",True,optimizer.last_update.auxiliary_coef,0.0,,,
stage-a,std_04,11,,completed,"{""model.initial_std"": {""base"": 0.2, ""value"": 0.4}}",True,optimizer.last_update.grad_norm,1.304508924484253,,,
stage-a,std_04,11,,completed,"{""model.initial_std"": {""base"": 0.2, ""value"": 0.4}}",True,optimizer.last_update.optimizer_steps,2,,,
stage-a,std_04,11,,completed,"{""model.initial_std"": {""base"": 0.2, ""value"": 0.4}}",True,optimizer.last_update.planned_optimizer_steps,8,,,
stage-a,std_04,11,,completed,"{""model.initial_std"": {""base"": 0.2, ""value"": 0.4}}",True,optimizer.last_update.sample_count,8192,,,
stage-a,std_04,11,,completed,"{""model.initial_std"": {""base"": 0.2, ""value"": 0.4}}",True,optimizer.last_update.early_stopped,True,,,
stage-a,std_04,11,,completed,"{""model.initial_std"": {""base"": 0.2, ""value"": 0.4}}",True,optimizer.last_update.stop_kl,0.015509460121393204,,,
stage-a,std_04,11,,completed,"{""model.initial_std"": {""base"": 0.2, ""value"": 0.4}}",True,optimizer.last_update.initial_mean_abs,0.7048091806533728,,,
stage-a,std_04,11,,completed,"{""model.initial_std"": {""base"": 0.2, ""value"": 0.4}}",True,optimizer.last_update.initial_std_mean,0.400160809357961,,,
stage-a,std_04,11,,completed,"{""model.initial_std"": {""base"": 0.2, ""value"": 0.4}}",True,optimizer.last_update.initial_std_min,0.3991755545139313,,,
stage-a,std_04,11,,completed,"{""model.initial_std"": {""base"": 0.2, ""value"": 0.4}}",True,optimizer.last_update.initial_std_max,0.40084949135780334,,,
stage-a,std_04,11,,completed,"{""model.initial_std"": {""base"": 0.2, ""value"": 0.4}}",True,optimizer.last_update.first_step_kl,0.00477941897189443,,,
stage-a,std_04,11,,completed,"{""model.initial_std"": {""base"": 0.2, ""value"": 0.4}}",True,optimizer.last_update.first_step_mean_kl,0.004779413797338317,,,
stage-a,std_04,11,,completed,"{""model.initial_std"": {""base"": 0.2, ""value"": 0.4}}",True,optimizer.last_update.first_step_std_kl,5.17455611374805e-09,,,
stage-a,std_04,11,,completed,"{""model.initial_std"": {""base"": 0.2, ""value"": 0.4}}",True,optimizer.last_update.first_step_mean_change_rms,0.015953182862381593,,,
stage-a,std_04,11,,completed,"{""model.initial_std"": {""base"": 0.2, ""value"": 0.4}}",True,optimizer.last_update.first_step_normalized_mean_change_rms,0.03991397318378434,,,
stage-a,std_04,11,,completed,"{""model.initial_std"": {""base"": 0.2, ""value"": 0.4}}",True,optimizer.last_update.final_kl,0.015498517038578104,,,
stage-a,std_04,11,,completed,"{""model.initial_std"": {""base"": 0.2, ""value"": 0.4}}",True,optimizer.last_update.final_mean_kl,0.015498494721654415,,,
stage-a,std_04,11,,completed,"{""model.initial_std"": {""base"": 0.2, ""value"": 0.4}}",True,optimizer.last_update.final_std_kl,2.2316923688886244e-08,,,
stage-a,std_04,11,,completed,"{""model.initial_std"": {""base"": 0.2, ""value"": 0.4}}",True,optimizer.last_update.final_mean_change_rms,0.02873448745802546,,,
stage-a,std_04,11,,completed,"{""model.initial_std"": {""base"": 0.2, ""value"": 0.4}}",True,optimizer.last_update.final_std_mean,0.4001561452945073,,,
stage-a,std_04,11,,completed,"{""model.initial_std"": {""base"": 0.2, ""value"": 0.4}}",True,optimizer.update_mean.first_step_kl,0.005667574998264444,,,
stage-a,std_04,11,,completed,"{""model.initial_std"": {""base"": 0.2, ""value"": 0.4}}",True,optimizer.update_mean.first_step_mean_kl,0.005667565811583868,,,
stage-a,std_04,11,,completed,"{""model.initial_std"": {""base"": 0.2, ""value"": 0.4}}",True,optimizer.update_mean.first_step_std_kl,9.186680575698328e-09,,,
stage-a,std_04,11,,completed,"{""model.initial_std"": {""base"": 0.2, ""value"": 0.4}}",True,optimizer.update_mean.final_kl,0.013180549990236877,,,
stage-a,std_04,11,,completed,"{""model.initial_std"": {""base"": 0.2, ""value"": 0.4}}",True,optimizer.update_mean.final_mean_kl,0.01318046974478471,,,
stage-a,std_04,11,,completed,"{""model.initial_std"": {""base"": 0.2, ""value"": 0.4}}",True,optimizer.update_mean.final_std_kl,8.024545216732207e-08,,,
stage-a,std_04,11,,completed,"{""model.initial_std"": {""base"": 0.2, ""value"": 0.4}}",True,optimizer.update_mean.initial_mean_abs,0.46623382539945935,,,
stage-a,std_04,11,,completed,"{""model.initial_std"": {""base"": 0.2, ""value"": 0.4}}",True,optimizer.update_mean.grad_norm,1.572300246420006,,,
stage-a,std_04,11,0.3,completed,"{""model.initial_std"": {""base"": 0.2, ""value"": 0.4}}",True,height_abs_error,0.12560019076491397,,,
stage-a,std_04,11,0.3,completed,"{""model.initial_std"": {""base"": 0.2, ""value"": 0.4}}",True,non_wheel_net_force,91.31445865313212,,,
stage-a,std_04,11,0.3,completed,"{""model.initial_std"": {""base"": 0.2, ""value"": 0.4}}",True,planar_speed,0.021028871493311573,,,
stage-a,std_04,11,0.3,completed,"{""model.initial_std"": {""base"": 0.2, ""value"": 0.4}}",True,vx_abs_error,0.01099807153789167,,,
stage-a,std_04,11,0.3,completed,"{""model.initial_std"": {""base"": 0.2, ""value"": 0.4}}",True,wz_abs_error,0.05056646010964262,,,
stage-b,baseline,22,,completed,{},False,nominal_full_budget_optimizer_steps,640,,,
stage-b,baseline,22,,completed,{},False,optimizer.updates_observed,80,,,
stage-b,baseline,22,,completed,{},False,optimizer.optimizer_steps,92,,,
stage-b,baseline,22,,completed,{},False,optimizer.planned_optimizer_steps,640,,,
stage-b,baseline,22,,completed,{},False,optimizer.optimizer_step_utilization,0.14375,,,
stage-b,baseline,22,,completed,{},False,optimizer.early_stopped_fraction,1.0,,,
stage-b,baseline,22,,completed,{},False,optimizer.first_update.actor_loss,0.009765847586095333,,,
stage-b,baseline,22,,completed,{},False,optimizer.first_update.value_loss,0.010457458905875683,,,
stage-b,baseline,22,,completed,{},False,optimizer.first_update.entropy,-1.1429965496063232,,,
stage-b,baseline,22,,completed,{},False,optimizer.first_update.kl,0.0,,,
stage-b,baseline,22,,completed,{},False,optimizer.first_update.clip_fraction,0.0,,,
stage-b,baseline,22,,completed,{},False,optimizer.first_update.loss,0.025938289240002632,,,
stage-b,baseline,22,,completed,{},False,optimizer.first_update.auxiliary_loss,0.0,,,
stage-b,baseline,22,,completed,{},False,optimizer.first_update.auxiliary_coef,0.0,,,
stage-b,baseline,22,,completed,{},False,optimizer.first_update.grad_norm,1.7726689577102661,,,
stage-b,baseline,22,,completed,{},False,optimizer.first_update.optimizer_steps,1,,,
stage-b,baseline,22,,completed,{},False,optimizer.first_update.planned_optimizer_steps,8,,,
stage-b,baseline,22,,completed,{},False,optimizer.first_update.sample_count,4096,,,
stage-b,baseline,22,,completed,{},False,optimizer.first_update.early_stopped,True,,,
stage-b,baseline,22,,completed,{},False,optimizer.first_update.stop_kl,0.08976577967405319,,,
stage-b,baseline,22,,completed,{},False,optimizer.first_update.initial_mean_abs,0.5161109620149773,,,
stage-b,baseline,22,,completed,{},False,optimizer.first_update.initial_std_mean,0.20000000298023224,,,
stage-b,baseline,22,,completed,{},False,optimizer.first_update.initial_std_min,0.20000000298023224,,,
stage-b,baseline,22,,completed,{},False,optimizer.first_update.initial_std_max,0.20000000298023224,,,
stage-b,baseline,22,,completed,{},False,optimizer.first_update.first_step_kl,0.08981883608197253,,,
stage-b,baseline,22,,completed,{},False,optimizer.first_update.first_step_mean_kl,0.08981877605309657,,,
stage-b,baseline,22,,completed,{},False,optimizer.first_update.first_step_std_kl,6.002887595551e-08,,,
stage-b,baseline,22,,completed,{},False,optimizer.first_update.first_step_mean_change_rms,0.03460641806896185,,,
stage-b,baseline,22,,completed,{},False,optimizer.first_update.first_step_normalized_mean_change_rms,0.17303208776643023,,,
stage-b,baseline,22,,completed,{},False,optimizer.first_update.final_kl,0.08981883608197253,,,
stage-b,baseline,22,,completed,{},False,optimizer.first_update.final_mean_kl,0.08981877605309657,,,
stage-b,baseline,22,,completed,{},False,optimizer.first_update.final_std_kl,6.002887595551e-08,,,
stage-b,baseline,22,,completed,{},False,optimizer.first_update.final_mean_change_rms,0.03460641806896185,,,
stage-b,baseline,22,,completed,{},False,optimizer.first_update.final_std_mean,0.19999999552965164,,,
stage-b,baseline,22,,completed,{},False,optimizer.last_update.actor_loss,-0.01256442628800869,,,
stage-b,baseline,22,,completed,{},False,optimizer.last_update.value_loss,0.005910963751375675,,,
stage-b,baseline,22,,completed,{},False,optimizer.last_update.entropy,-1.134211778640747,,,
stage-b,baseline,22,,completed,{},False,optimizer.last_update.kl,0.0,,,
stage-b,baseline,22,,completed,{},False,optimizer.last_update.clip_fraction,0.0,,,
stage-b,baseline,22,,completed,{},False,optimizer.last_update.loss,-0.0009824037551879883,,,
stage-b,baseline,22,,completed,{},False,optimizer.last_update.auxiliary_loss,0.0,,,
stage-b,baseline,22,,completed,{},False,optimizer.last_update.auxiliary_coef,0.0,,,
stage-b,baseline,22,,completed,{},False,optimizer.last_update.grad_norm,2.00864577293396,,,
stage-b,baseline,22,,completed,{},False,optimizer.last_update.optimizer_steps,1,,,
stage-b,baseline,22,,completed,{},False,optimizer.last_update.planned_optimizer_steps,8,,,
stage-b,baseline,22,,completed,{},False,optimizer.last_update.sample_count,4096,,,
stage-b,baseline,22,,completed,{},False,optimizer.last_update.early_stopped,True,,,
stage-b,baseline,22,,completed,{},False,optimizer.last_update.stop_kl,0.023151865229010582,,,
stage-b,baseline,22,,completed,{},False,optimizer.last_update.initial_mean_abs,0.9207854834610695,,,
stage-b,baseline,22,,completed,{},False,optimizer.last_update.initial_std_mean,0.20029311875502268,,,
stage-b,baseline,22,,completed,{},False,optimizer.last_update.initial_std_min,0.20006617903709412,,,
stage-b,baseline,22,,completed,{},False,optimizer.last_update.initial_std_max,0.2005515992641449,,,
stage-b,baseline,22,,completed,{},False,optimizer.last_update.first_step_kl,0.023176911302731088,,,
stage-b,baseline,22,,completed,{},False,optimizer.last_update.first_step_mean_kl,0.02317690724969857,,,
stage-b,baseline,22,,completed,{},False,optimizer.last_update.first_step_std_kl,4.05303251862173e-09,,,
stage-b,baseline,22,,completed,{},False,optimizer.last_update.first_step_mean_change_rms,0.01759762721267751,,,
stage-b,baseline,22,,completed,{},False,optimizer.last_update.first_step_normalized_mean_change_rms,0.08789656247996418,,,
stage-b,baseline,22,,completed,{},False,optimizer.last_update.final_kl,0.023176911302731088,,,
stage-b,baseline,22,,completed,{},False,optimizer.last_update.final_mean_kl,0.02317690724969857,,,
stage-b,baseline,22,,completed,{},False,optimizer.last_update.final_std_kl,4.05303251862173e-09,,,
stage-b,baseline,22,,completed,{},False,optimizer.last_update.final_mean_change_rms,0.01759762721267751,,,
stage-b,baseline,22,,completed,{},False,optimizer.last_update.final_std_mean,0.2002975692351659,,,
stage-b,baseline,22,,completed,{},False,optimizer.update_mean.first_step_kl,0.01867112963140707,,,
stage-b,baseline,22,,completed,{},False,optimizer.update_mean.first_step_mean_kl,0.018671123835181207,,,
stage-b,baseline,22,,completed,{},False,optimizer.update_mean.first_step_std_kl,5.796225865304135e-09,,,
stage-b,baseline,22,,completed,{},False,optimizer.update_mean.final_kl,0.01990703104423135,,,
stage-b,baseline,22,,completed,{},False,optimizer.update_mean.final_mean_kl,0.01990702426092633,,,
stage-b,baseline,22,,completed,{},False,optimizer.update_mean.final_std_kl,6.7833050199805476e-09,,,
stage-b,baseline,22,,completed,{},False,optimizer.update_mean.initial_mean_abs,0.664861514832052,,,
stage-b,baseline,22,,completed,{},False,optimizer.update_mean.grad_norm,2.2523426309227945,,,
stage-b,baseline,22,0.3,completed,{},False,height_abs_error,0.09890812417802711,,,
stage-b,baseline,22,0.3,completed,{},False,non_wheel_net_force,107.81106673439344,,,
stage-b,baseline,22,0.3,completed,{},False,planar_speed,0.021594467797888987,,,
stage-b,baseline,22,0.3,completed,{},False,vx_abs_error,0.016901516153402553,,,
stage-b,baseline,22,0.3,completed,{},False,wz_abs_error,0.01987105667521367,,,
stage-b,baseline,33,,completed,{},False,nominal_full_budget_optimizer_steps,640,,,
stage-b,baseline,33,,completed,{},False,optimizer.updates_observed,80,,,
stage-b,baseline,33,,completed,{},False,optimizer.optimizer_steps,102,,,
stage-b,baseline,33,,completed,{},False,optimizer.planned_optimizer_steps,640,,,
stage-b,baseline,33,,completed,{},False,optimizer.optimizer_step_utilization,0.159375,,,
stage-b,baseline,33,,completed,{},False,optimizer.early_stopped_fraction,0.9875,,,
stage-b,baseline,33,,completed,{},False,optimizer.first_update.actor_loss,0.04225626215338707,,,
stage-b,baseline,33,,completed,{},False,optimizer.first_update.value_loss,0.0120488116517663,,,
stage-b,baseline,33,,completed,{},False,optimizer.first_update.entropy,-1.1429965496063232,,,
stage-b,baseline,33,,completed,{},False,optimizer.first_update.kl,0.0,,,
stage-b,baseline,33,,completed,{},False,optimizer.first_update.clip_fraction,0.0,,,
stage-b,baseline,33,,completed,{},False,optimizer.first_update.loss,0.06002005562186241,,,
stage-b,baseline,33,,completed,{},False,optimizer.first_update.auxiliary_loss,0.0,,,
stage-b,baseline,33,,completed,{},False,optimizer.first_update.auxiliary_coef,0.0,,,
stage-b,baseline,33,,completed,{},False,optimizer.first_update.grad_norm,1.548914909362793,,,
stage-b,baseline,33,,completed,{},False,optimizer.first_update.optimizer_steps,1,,,
stage-b,baseline,33,,completed,{},False,optimizer.first_update.planned_optimizer_steps,8,,,
stage-b,baseline,33,,completed,{},False,optimizer.first_update.sample_count,4096,,,
stage-b,baseline,33,,completed,{},False,optimizer.first_update.early_stopped,True,,,
stage-b,baseline,33,,completed,{},False,optimizer.first_update.stop_kl,0.08657015860080719,,,
stage-b,baseline,33,,completed,{},False,optimizer.first_update.initial_mean_abs,0.442314147569301,,,
stage-b,baseline,33,,completed,{},False,optimizer.first_update.initial_std_mean,0.20000000298023224,,,
stage-b,baseline,33,,completed,{},False,optimizer.first_update.initial_std_min,0.20000000298023224,,,
stage-b,baseline,33,,completed,{},False,optimizer.first_update.initial_std_max,0.20000000298023224,,,
stage-b,baseline,33,,completed,{},False,optimizer.first_update.first_step_kl,0.08595781459038807,,,
stage-b,baseline,33,,completed,{},False,optimizer.first_update.first_step_mean_kl,0.08595775456151211,,,
stage-b,baseline,33,,completed,{},False,optimizer.first_update.first_step_std_kl,6.002887595551e-08,,,
stage-b,baseline,33,,completed,{},False,optimizer.first_update.first_step_mean_change_rms,0.033854415476198906,,,
stage-b,baseline,33,,completed,{},False,optimizer.first_update.first_step_normalized_mean_change_rms,0.16927207485864404,,,
stage-b,baseline,33,,completed,{},False,optimizer.first_update.final_kl,0.08595781459038807,,,
stage-b,baseline,33,,completed,{},False,optimizer.first_update.final_mean_kl,0.08595775456151211,,,
stage-b,baseline,33,,completed,{},False,optimizer.first_update.final_std_kl,6.002887595551e-08,,,
stage-b,baseline,33,,completed,{},False,optimizer.first_update.final_mean_change_rms,0.033854415476198906,,,
stage-b,baseline,33,,completed,{},False,optimizer.first_update.final_std_mean,0.19999999552965164,,,
stage-b,baseline,33,,completed,{},False,optimizer.last_update.actor_loss,0.0009243131207767874,,,
stage-b,baseline,33,,completed,{},False,optimizer.last_update.value_loss,0.0037343666481319815,,,
stage-b,baseline,33,,completed,{},False,optimizer.last_update.entropy,-1.1335468143224716,,,
stage-b,baseline,33,,completed,{},False,optimizer.last_update.kl,0.0054943647410254925,,,
stage-b,baseline,33,,completed,{},False,optimizer.last_update.clip_fraction,0.066986083984375,,,
stage-b,baseline,33,,completed,{},False,optimizer.last_update.loss,0.010326413612347096,,,
stage-b,baseline,33,,completed,{},False,optimizer.last_update.auxiliary_loss,0.0,,,
stage-b,baseline,33,,completed,{},False,optimizer.last_update.auxiliary_coef,0.0,,,
stage-b,baseline,33,,completed,{},False,optimizer.last_update.grad_norm,3.47375950217247,,,
stage-b,baseline,33,,completed,{},False,optimizer.last_update.optimizer_steps,8,,,
stage-b,baseline,33,,completed,{},False,optimizer.last_update.planned_optimizer_steps,8,,,
stage-b,baseline,33,,completed,{},False,optimizer.last_update.sample_count,32768,,,
stage-b,baseline,33,,completed,{},False,optimizer.last_update.early_stopped,False,,,
stage-b,baseline,33,,completed,{},False,optimizer.last_update.stop_kl,0.0,,,
stage-b,baseline,33,,completed,{},False,optimizer.last_update.initial_mean_abs,1.3037988537486171,,,
stage-b,baseline,33,,completed,{},False,optimizer.last_update.initial_std_mean,0.20030250151952106,,,
stage-b,baseline,33,,completed,{},False,optimizer.last_update.initial_std_min,0.20010507106781006,,,
stage-b,baseline,33,,completed,{},False,optimizer.last_update.initial_std_max,0.2003980278968811,,,
stage-b,baseline,33,,completed,{},False,optimizer.last_update.first_step_kl,0.0026950853416151843,,,
stage-b,baseline,33,,completed,{},False,optimizer.last_update.first_step_mean_kl,0.002695081292955026,,,
stage-b,baseline,33,,completed,{},False,optimizer.last_update.first_step_std_kl,4.048660158456673e-09,,,
stage-b,baseline,33,,completed,{},False,optimizer.last_update.first_step_mean_change_rms,0.006005189874603451,,,
stage-b,baseline,33,,completed,{},False,optimizer.last_update.first_step_normalized_mean_change_rms,0.029972950570116827,,,
stage-b,baseline,33,,completed,{},False,optimizer.last_update.final_kl,0.005848248888068249,,,
stage-b,baseline,33,,completed,{},False,optimizer.last_update.final_mean_kl,0.0058479879427536085,,,
stage-b,baseline,33,,completed,{},False,optimizer.last_update.final_std_kl,2.6094531463971164e-07,,,
stage-b,baseline,33,,completed,{},False,optimizer.last_update.final_mean_change_rms,0.00884520311920472,,,
stage-b,baseline,33,,completed,{},False,optimizer.last_update.final_std_mean,0.2003361831108729,,,
stage-b,baseline,33,,completed,{},False,optimizer.update_mean.first_step_kl,0.030700501440463927,,,
stage-b,baseline,33,,completed,{},False,optimizer.update_mean.first_step_mean_kl,0.0307004951798992,,,
stage-b,baseline,33,,completed,{},False,optimizer.update_mean.first_step_std_kl,6.260564728312122e-09,,,
stage-b,baseline,33,,completed,{},False,optimizer.update_mean.final_kl,0.03133239800791916,,,
stage-b,baseline,33,,completed,{},False,optimizer.update_mean.final_mean_kl,0.03133238222206227,,,
stage-b,baseline,33,,completed,{},False,optimizer.update_mean.final_std_kl,1.5785856886691318e-08,,,
stage-b,baseline,33,,completed,{},False,optimizer.update_mean.initial_mean_abs,0.8095422355386883,,,
stage-b,baseline,33,,completed,{},False,optimizer.update_mean.grad_norm,2.434928478176395,,,
stage-b,baseline,33,0.3,completed,{},False,height_abs_error,0.061286994355420274,,,
stage-b,baseline,33,0.3,completed,{},False,non_wheel_net_force,784.5001999855042,,,
stage-b,baseline,33,0.3,completed,{},False,planar_speed,0.180949909601671,,,
stage-b,baseline,33,0.3,completed,{},False,vx_abs_error,0.16368443416198716,,,
stage-b,baseline,33,0.3,completed,{},False,wz_abs_error,0.9510053256231671,,,
stage-b,baseline,44,,failed,{},False,nominal_full_budget_optimizer_steps,640,,,
stage-b,baseline,44,,failed,{},False,failure.collected_transitions,851968,,,
stage-b,baseline,44,,failed,{},False,optimizer.updates_observed,51,,,
stage-b,baseline,44,,failed,{},False,optimizer.optimizer_steps,67,,,
stage-b,baseline,44,,failed,{},False,optimizer.planned_optimizer_steps,408,,,
stage-b,baseline,44,,failed,{},False,optimizer.optimizer_step_utilization,0.1642156862745098,,,
stage-b,baseline,44,,failed,{},False,optimizer.early_stopped_fraction,0.9607843137254902,,,
stage-b,baseline,44,,failed,{},False,optimizer.first_update.actor_loss,-0.006827354431152344,,,
stage-b,baseline,44,,failed,{},False,optimizer.first_update.value_loss,0.012325345538556576,,,
stage-b,baseline,44,,failed,{},False,optimizer.first_update.entropy,-1.1429965496063232,,,
stage-b,baseline,44,,failed,{},False,optimizer.first_update.kl,0.0,,,
stage-b,baseline,44,,failed,{},False,optimizer.first_update.clip_fraction,0.0,,,
stage-b,baseline,44,,failed,{},False,optimizer.first_update.loss,0.011212973855435848,,,
stage-b,baseline,44,,failed,{},False,optimizer.first_update.auxiliary_loss,0.0,,,
stage-b,baseline,44,,failed,{},False,optimizer.first_update.auxiliary_coef,0.0,,,
stage-b,baseline,44,,failed,{},False,optimizer.first_update.grad_norm,1.530940294265747,,,
stage-b,baseline,44,,failed,{},False,optimizer.first_update.optimizer_steps,1,,,
stage-b,baseline,44,,failed,{},False,optimizer.first_update.planned_optimizer_steps,8,,,
stage-b,baseline,44,,failed,{},False,optimizer.first_update.sample_count,4096,,,
stage-b,baseline,44,,failed,{},False,optimizer.first_update.early_stopped,True,,,
stage-b,baseline,44,,failed,{},False,optimizer.first_update.stop_kl,0.09111514687538147,,,
stage-b,baseline,44,,failed,{},False,optimizer.first_update.initial_mean_abs,0.5141113878167591,,,
stage-b,baseline,44,,failed,{},False,optimizer.first_update.initial_std_mean,0.20000000298023224,,,
stage-b,baseline,44,,failed,{},False,optimizer.first_update.initial_std_min,0.20000000298023224,,,
stage-b,baseline,44,,failed,{},False,optimizer.first_update.initial_std_max,0.20000000298023224,,,
stage-b,baseline,44,,failed,{},False,optimizer.first_update.first_step_kl,0.09131687751361511,,,
stage-b,baseline,44,,failed,{},False,optimizer.first_update.first_step_mean_kl,0.09131681748473916,,,
stage-b,baseline,44,,failed,{},False,optimizer.first_update.first_step_std_kl,6.002887595551e-08,,,
stage-b,baseline,44,,failed,{},False,optimizer.first_update.first_step_mean_change_rms,0.03489354039145398,,,
stage-b,baseline,44,,failed,{},False,optimizer.first_update.first_step_normalized_mean_change_rms,0.17446769935749856,,,
stage-b,baseline,44,,failed,{},False,optimizer.first_update.final_kl,0.09131687751361511,,,
stage-b,baseline,44,,failed,{},False,optimizer.first_update.final_mean_kl,0.09131681748473916,,,
stage-b,baseline,44,,failed,{},False,optimizer.first_update.final_std_kl,6.002887595551e-08,,,
stage-b,baseline,44,,failed,{},False,optimizer.first_update.final_mean_change_rms,0.03489354039145398,,,
stage-b,baseline,44,,failed,{},False,optimizer.first_update.final_std_mean,0.19999999552965164,,,
stage-b,baseline,44,,failed,{},False,optimizer.last_update.actor_loss,-0.015216853469610214,,,
stage-b,baseline,44,,failed,{},False,optimizer.last_update.value_loss,0.00572067778557539,,,
stage-b,baseline,44,,failed,{},False,optimizer.last_update.entropy,-1.1345016956329346,,,
stage-b,baseline,44,,failed,{},False,optimizer.last_update.kl,0.0,,,
stage-b,baseline,44,,failed,{},False,optimizer.last_update.clip_fraction,0.0,,,
stage-b,baseline,44,,failed,{},False,optimizer.last_update.loss,-0.003823667299002409,,,
stage-b,baseline,44,,failed,{},False,optimizer.last_update.auxiliary_loss,0.0,,,
stage-b,baseline,44,,failed,{},False,optimizer.last_update.auxiliary_coef,0.0,,,
stage-b,baseline,44,,failed,{},False,optimizer.last_update.grad_norm,2.7904467582702637,,,
stage-b,baseline,44,,failed,{},False,optimizer.last_update.optimizer_steps,1,,,
stage-b,baseline,44,,failed,{},False,optimizer.last_update.planned_optimizer_steps,8,,,
stage-b,baseline,44,,failed,{},False,optimizer.last_update.sample_count,4096,,,
stage-b,baseline,44,,failed,{},False,optimizer.last_update.early_stopped,True,,,
stage-b,baseline,44,,failed,{},False,optimizer.last_update.stop_kl,0.039410680532455444,,,
stage-b,baseline,44,,failed,{},False,optimizer.last_update.initial_mean_abs,0.8371363418835737,,,
stage-b,baseline,44,,failed,{},False,optimizer.last_update.initial_std_mean,0.2002833808461825,,,
stage-b,baseline,44,,failed,{},False,optimizer.last_update.initial_std_min,0.2000981718301773,,,
stage-b,baseline,44,,failed,{},False,optimizer.last_update.initial_std_max,0.20037710666656494,,,
stage-b,baseline,44,,failed,{},False,optimizer.last_update.first_step_kl,0.03957908417467884,,,
stage-b,baseline,44,,failed,{},False,optimizer.last_update.first_step_mean_kl,0.03957908302844914,,,
stage-b,baseline,44,,failed,{},False,optimizer.last_update.first_step_std_kl,1.1462297015732624e-09,,,
stage-b,baseline,44,,failed,{},False,optimizer.last_update.first_step_mean_change_rms,0.02299710886623243,,,
stage-b,baseline,44,,failed,{},False,optimizer.last_update.first_step_normalized_mean_change_rms,0.11486096951942908,,,
stage-b,baseline,44,,failed,{},False,optimizer.last_update.final_kl,0.03957908417467884,,,
stage-b,baseline,44,,failed,{},False,optimizer.last_update.final_mean_kl,0.03957908302844914,,,
stage-b,baseline,44,,failed,{},False,optimizer.last_update.final_std_kl,1.1462297015732624e-09,,,
stage-b,baseline,44,,failed,{},False,optimizer.last_update.final_mean_change_rms,0.02299710886623243,,,
stage-b,baseline,44,,failed,{},False,optimizer.last_update.final_std_mean,0.20028458535671234,,,
stage-b,baseline,44,,failed,{},False,optimizer.update_mean.first_step_kl,0.029277118668065382,,,
stage-b,baseline,44,,failed,{},False,optimizer.update_mean.first_step_mean_kl,0.02927710987895959,,,
stage-b,baseline,44,,failed,{},False,optimizer.update_mean.first_step_std_kl,8.789105789368879e-09,,,
stage-b,baseline,44,,failed,{},False,optimizer.update_mean.final_kl,0.029668266772929375,,,
stage-b,baseline,44,,failed,{},False,optimizer.update_mean.final_mean_kl,0.029668242349079603,,,
stage-b,baseline,44,,failed,{},False,optimizer.update_mean.final_std_kl,2.442384977335675e-08,,,
stage-b,baseline,44,,failed,{},False,optimizer.update_mean.initial_mean_abs,0.5618195783805284,,,
stage-b,baseline,44,,failed,{},False,optimizer.update_mean.grad_norm,2.3828340549679363,,,
stage-b,lr3e5_head01,22,,completed,"{""model.mean_init_scale"": {""base"": 1.0, ""value"": 0.1}, ""ppo.learning_rate"": {""base"": 0.0001, ""value"": 3e-05}}",False,nominal_full_budget_optimizer_steps,640,,,
stage-b,lr3e5_head01,22,,completed,"{""model.mean_init_scale"": {""base"": 1.0, ""value"": 0.1}, ""ppo.learning_rate"": {""base"": 0.0001, ""value"": 3e-05}}",False,optimizer.updates_observed,80,,,
stage-b,lr3e5_head01,22,,completed,"{""model.mean_init_scale"": {""base"": 1.0, ""value"": 0.1}, ""ppo.learning_rate"": {""base"": 0.0001, ""value"": 3e-05}}",False,optimizer.optimizer_steps,640,,,
stage-b,lr3e5_head01,22,,completed,"{""model.mean_init_scale"": {""base"": 1.0, ""value"": 0.1}, ""ppo.learning_rate"": {""base"": 0.0001, ""value"": 3e-05}}",False,optimizer.planned_optimizer_steps,640,,,
stage-b,lr3e5_head01,22,,completed,"{""model.mean_init_scale"": {""base"": 1.0, ""value"": 0.1}, ""ppo.learning_rate"": {""base"": 0.0001, ""value"": 3e-05}}",False,optimizer.optimizer_step_utilization,1.0,,,
stage-b,lr3e5_head01,22,,completed,"{""model.mean_init_scale"": {""base"": 1.0, ""value"": 0.1}, ""ppo.learning_rate"": {""base"": 0.0001, ""value"": 3e-05}}",False,optimizer.early_stopped_fraction,0.0,,,
stage-b,lr3e5_head01,22,,completed,"{""model.mean_init_scale"": {""base"": 1.0, ""value"": 0.1}, ""ppo.learning_rate"": {""base"": 0.0001, ""value"": 3e-05}}",False,optimizer.first_update.actor_loss,-0.0017580445273779333,,,
stage-b,lr3e5_head01,22,,completed,"{""model.mean_init_scale"": {""base"": 1.0, ""value"": 0.1}, ""ppo.learning_rate"": {""base"": 0.0001, ""value"": 3e-05}}",False,optimizer.first_update.value_loss,0.014991374220699072,,,
stage-b,lr3e5_head01,22,,completed,"{""model.mean_init_scale"": {""base"": 1.0, ""value"": 0.1}, ""ppo.learning_rate"": {""base"": 0.0001, ""value"": 3e-05}}",False,optimizer.first_update.entropy,-1.143046572804451,,,
stage-b,lr3e5_head01,22,,completed,"{""model.mean_init_scale"": {""base"": 1.0, ""value"": 0.1}, ""ppo.learning_rate"": {""base"": 0.0001, ""value"": 3e-05}}",False,optimizer.first_update.kl,0.003074231673963368,,,
stage-b,lr3e5_head01,22,,completed,"{""model.mean_init_scale"": {""base"": 1.0, ""value"": 0.1}, ""ppo.learning_rate"": {""base"": 0.0001, ""value"": 3e-05}}",False,optimizer.first_update.clip_fraction,0.028076171875,,,
stage-b,lr3e5_head01,22,,completed,"{""model.mean_init_scale"": {""base"": 1.0, ""value"": 0.1}, ""ppo.learning_rate"": {""base"": 0.0001, ""value"": 3e-05}}",False,optimizer.first_update.loss,0.018948563025332987,,,
stage-b,lr3e5_head01,22,,completed,"{""model.mean_init_scale"": {""base"": 1.0, ""value"": 0.1}, ""ppo.learning_rate"": {""base"": 0.0001, ""value"": 3e-05}}",False,optimizer.first_update.auxiliary_loss,0.0,,,
stage-b,lr3e5_head01,22,,completed,"{""model.mean_init_scale"": {""base"": 1.0, ""value"": 0.1}, ""ppo.learning_rate"": {""base"": 0.0001, ""value"": 3e-05}}",False,optimizer.first_update.auxiliary_coef,0.0,,,
stage-b,lr3e5_head01,22,,completed,"{""model.mean_init_scale"": {""base"": 1.0, ""value"": 0.1}, ""ppo.learning_rate"": {""base"": 0.0001, ""value"": 3e-05}}",False,optimizer.first_update.grad_norm,1.9059011340141296,,,
stage-b,lr3e5_head01,22,,completed,"{""model.mean_init_scale"": {""base"": 1.0, ""value"": 0.1}, ""ppo.learning_rate"": {""base"": 0.0001, ""value"": 3e-05}}",False,optimizer.first_update.optimizer_steps,8,,,
stage-b,lr3e5_head01,22,,completed,"{""model.mean_init_scale"": {""base"": 1.0, ""value"": 0.1}, ""ppo.learning_rate"": {""base"": 0.0001, ""value"": 3e-05}}",False,optimizer.first_update.planned_optimizer_steps,8,,,
stage-b,lr3e5_head01,22,,completed,"{""model.mean_init_scale"": {""base"": 1.0, ""value"": 0.1}, ""ppo.learning_rate"": {""base"": 0.0001, ""value"": 3e-05}}",False,optimizer.first_update.sample_count,32768,,,
stage-b,lr3e5_head01,22,,completed,"{""model.mean_init_scale"": {""base"": 1.0, ""value"": 0.1}, ""ppo.learning_rate"": {""base"": 0.0001, ""value"": 3e-05}}",False,optimizer.first_update.early_stopped,False,,,
stage-b,lr3e5_head01,22,,completed,"{""model.mean_init_scale"": {""base"": 1.0, ""value"": 0.1}, ""ppo.learning_rate"": {""base"": 0.0001, ""value"": 3e-05}}",False,optimizer.first_update.stop_kl,0.0,,,
stage-b,lr3e5_head01,22,,completed,"{""model.mean_init_scale"": {""base"": 1.0, ""value"": 0.1}, ""ppo.learning_rate"": {""base"": 0.0001, ""value"": 3e-05}}",False,optimizer.first_update.initial_mean_abs,0.0526077435121645,,,
stage-b,lr3e5_head01,22,,completed,"{""model.mean_init_scale"": {""base"": 1.0, ""value"": 0.1}, ""ppo.learning_rate"": {""base"": 0.0001, ""value"": 3e-05}}",False,optimizer.first_update.initial_std_mean,0.20000000298023224,,,
stage-b,lr3e5_head01,22,,completed,"{""model.mean_init_scale"": {""base"": 1.0, ""value"": 0.1}, ""ppo.learning_rate"": {""base"": 0.0001, ""value"": 3e-05}}",False,optimizer.first_update.initial_std_min,0.20000000298023224,,,
stage-b,lr3e5_head01,22,,completed,"{""model.mean_init_scale"": {""base"": 1.0, ""value"": 0.1}, ""ppo.learning_rate"": {""base"": 0.0001, ""value"": 3e-05}}",False,optimizer.first_update.initial_std_max,0.20000000298023224,,,
stage-b,lr3e5_head01,22,,completed,"{""model.mean_init_scale"": {""base"": 1.0, ""value"": 0.1}, ""ppo.learning_rate"": {""base"": 0.0001, ""value"": 3e-05}}",False,optimizer.first_update.first_step_kl,0.00033815895053248787,,,
stage-b,lr3e5_head01,22,,completed,"{""model.mean_init_scale"": {""base"": 1.0, ""value"": 0.1}, ""ppo.learning_rate"": {""base"": 0.0001, ""value"": 3e-05}}",False,optimizer.first_update.first_step_mean_kl,0.0003381535411909801,,,
stage-b,lr3e5_head01,22,,completed,"{""model.mean_init_scale"": {""base"": 1.0, ""value"": 0.1}, ""ppo.learning_rate"": {""base"": 0.0001, ""value"": 3e-05}}",False,optimizer.first_update.first_step_std_kl,5.409341507763097e-09,,,
stage-b,lr3e5_head01,22,,completed,"{""model.mean_init_scale"": {""base"": 1.0, ""value"": 0.1}, ""ppo.learning_rate"": {""base"": 0.0001, ""value"": 3e-05}}",False,optimizer.first_update.first_step_mean_change_rms,0.002123390410597424,,,
stage-b,lr3e5_head01,22,,completed,"{""model.mean_init_scale"": {""base"": 1.0, ""value"": 0.1}, ""ppo.learning_rate"": {""base"": 0.0001, ""value"": 3e-05}}",False,optimizer.first_update.first_step_normalized_mean_change_rms,0.01061695189478221,,,
stage-b,lr3e5_head01,22,,completed,"{""model.mean_init_scale"": {""base"": 1.0, ""value"": 0.1}, ""ppo.learning_rate"": {""base"": 0.0001, ""value"": 3e-05}}",False,optimizer.first_update.final_kl,0.006393740114451486,,,
stage-b,lr3e5_head01,22,,completed,"{""model.mean_init_scale"": {""base"": 1.0, ""value"": 0.1}, ""ppo.learning_rate"": {""base"": 0.0001, ""value"": 3e-05}}",False,optimizer.first_update.final_mean_kl,0.006393610662876482,,,
stage-b,lr3e5_head01,22,,completed,"{""model.mean_init_scale"": {""base"": 1.0, ""value"": 0.1}, ""ppo.learning_rate"": {""base"": 0.0001, ""value"": 3e-05}}",False,optimizer.first_update.final_std_kl,1.2945157500395097e-07,,,
stage-b,lr3e5_head01,22,,completed,"{""model.mean_init_scale"": {""base"": 1.0, ""value"": 0.1}, ""ppo.learning_rate"": {""base"": 0.0001, ""value"": 3e-05}}",False,optimizer.first_update.final_mean_change_rms,0.009232247575241073,,,
stage-b,lr3e5_head01,22,,completed,"{""model.mean_init_scale"": {""base"": 1.0, ""value"": 0.1}, ""ppo.learning_rate"": {""base"": 0.0001, ""value"": 3e-05}}",False,optimizer.first_update.final_std_mean,0.19999514520168304,,,
stage-b,lr3e5_head01,22,,completed,"{""model.mean_init_scale"": {""base"": 1.0, ""value"": 0.1}, ""ppo.learning_rate"": {""base"": 0.0001, ""value"": 3e-05}}",False,optimizer.last_update.actor_loss,-0.0010225242003798485,,,
stage-b,lr3e5_head01,22,,completed,"{""model.mean_init_scale"": {""base"": 1.0, ""value"": 0.1}, ""ppo.learning_rate"": {""base"": 0.0001, ""value"": 3e-05}}",False,optimizer.last_update.value_loss,0.003561102057574317,,,
stage-b,lr3e5_head01,22,,completed,"{""model.mean_init_scale"": {""base"": 1.0, ""value"": 0.1}, ""ppo.learning_rate"": {""base"": 0.0001, ""value"": 3e-05}}",False,optimizer.last_update.entropy,-1.1229582726955414,,,
stage-b,lr3e5_head01,22,,completed,"{""model.mean_init_scale"": {""base"": 1.0, ""value"": 0.1}, ""ppo.learning_rate"": {""base"": 0.0001, ""value"": 3e-05}}",False,optimizer.last_update.kl,0.0010327149839213234,,,
stage-b,lr3e5_head01,22,,completed,"{""model.mean_init_scale"": {""base"": 1.0, ""value"": 0.1}, ""ppo.learning_rate"": {""base"": 0.0001, ""value"": 3e-05}}",False,optimizer.last_update.clip_fraction,0.0018310546875,,,
stage-b,lr3e5_head01,22,,completed,"{""model.mean_init_scale"": {""base"": 1.0, ""value"": 0.1}, ""ppo.learning_rate"": {""base"": 0.0001, ""value"": 3e-05}}",False,optimizer.last_update.loss,0.008153369359206408,,,
stage-b,lr3e5_head01,22,,completed,"{""model.mean_init_scale"": {""base"": 1.0, ""value"": 0.1}, ""ppo.learning_rate"": {""base"": 0.0001, ""value"": 3e-05}}",False,optimizer.last_update.auxiliary_loss,0.0,,,
stage-b,lr3e5_head01,22,,completed,"{""model.mean_init_scale"": {""base"": 1.0, ""value"": 0.1}, ""ppo.learning_rate"": {""base"": 0.0001, ""value"": 3e-05}}",False,optimizer.last_update.auxiliary_coef,0.0,,,
stage-b,lr3e5_head01,22,,completed,"{""model.mean_init_scale"": {""base"": 1.0, ""value"": 0.1}, ""ppo.learning_rate"": {""base"": 0.0001, ""value"": 3e-05}}",False,optimizer.last_update.grad_norm,1.8864601701498032,,,
stage-b,lr3e5_head01,22,,completed,"{""model.mean_init_scale"": {""base"": 1.0, ""value"": 0.1}, ""ppo.learning_rate"": {""base"": 0.0001, ""value"": 3e-05}}",False,optimizer.last_update.optimizer_steps,8,,,
stage-b,lr3e5_head01,22,,completed,"{""model.mean_init_scale"": {""base"": 1.0, ""value"": 0.1}, ""ppo.learning_rate"": {""base"": 0.0001, ""value"": 3e-05}}",False,optimizer.last_update.planned_optimizer_steps,8,,,
stage-b,lr3e5_head01,22,,completed,"{""model.mean_init_scale"": {""base"": 1.0, ""value"": 0.1}, ""ppo.learning_rate"": {""base"": 0.0001, ""value"": 3e-05}}",False,optimizer.last_update.sample_count,32768,,,
stage-b,lr3e5_head01,22,,completed,"{""model.mean_init_scale"": {""base"": 1.0, ""value"": 0.1}, ""ppo.learning_rate"": {""base"": 0.0001, ""value"": 3e-05}}",False,optimizer.last_update.early_stopped,False,,,
stage-b,lr3e5_head01,22,,completed,"{""model.mean_init_scale"": {""base"": 1.0, ""value"": 0.1}, ""ppo.learning_rate"": {""base"": 0.0001, ""value"": 3e-05}}",False,optimizer.last_update.stop_kl,0.0,,,
stage-b,lr3e5_head01,22,,completed,"{""model.mean_init_scale"": {""base"": 1.0, ""value"": 0.1}, ""ppo.learning_rate"": {""base"": 0.0001, ""value"": 3e-05}}",False,optimizer.last_update.initial_mean_abs,0.3064751189152351,,,
stage-b,lr3e5_head01,22,,completed,"{""model.mean_init_scale"": {""base"": 1.0, ""value"": 0.1}, ""ppo.learning_rate"": {""base"": 0.0001, ""value"": 3e-05}}",False,optimizer.last_update.initial_std_mean,0.20066293080647785,,,
stage-b,lr3e5_head01,22,,completed,"{""model.mean_init_scale"": {""base"": 1.0, ""value"": 0.1}, ""ppo.learning_rate"": {""base"": 0.0001, ""value"": 3e-05}}",False,optimizer.last_update.initial_std_min,0.20049549639225006,,,
stage-b,lr3e5_head01,22,,completed,"{""model.mean_init_scale"": {""base"": 1.0, ""value"": 0.1}, ""ppo.learning_rate"": {""base"": 0.0001, ""value"": 3e-05}}",False,optimizer.last_update.initial_std_max,0.20091408491134644,,,
stage-b,lr3e5_head01,22,,completed,"{""model.mean_init_scale"": {""base"": 1.0, ""value"": 0.1}, ""ppo.learning_rate"": {""base"": 0.0001, ""value"": 3e-05}}",False,optimizer.last_update.first_step_kl,4.437616812520081e-05,,,
stage-b,lr3e5_head01,22,,completed,"{""model.mean_init_scale"": {""base"": 1.0, ""value"": 0.1}, ""ppo.learning_rate"": {""base"": 0.0001, ""value"": 3e-05}}",False,optimizer.last_update.first_step_mean_kl,4.4375194341417885e-05,,,
stage-b,lr3e5_head01,22,,completed,"{""model.mean_init_scale"": {""base"": 1.0, ""value"": 0.1}, ""ppo.learning_rate"": {""base"": 0.0001, ""value"": 3e-05}}",False,optimizer.last_update.first_step_std_kl,9.737837829226642e-10,,,
stage-b,lr3e5_head01,22,,completed,"{""model.mean_init_scale"": {""base"": 1.0, ""value"": 0.1}, ""ppo.learning_rate"": {""base"": 0.0001, ""value"": 3e-05}}",False,optimizer.last_update.first_step_mean_change_rms,0.0007717032777938439,,,
stage-b,lr3e5_head01,22,,completed,"{""model.mean_init_scale"": {""base"": 1.0, ""value"": 0.1}, ""ppo.learning_rate"": {""base"": 0.0001, ""value"": 3e-05}}",False,optimizer.last_update.first_step_normalized_mean_change_rms,0.0038460568675909895,,,
stage-b,lr3e5_head01,22,,completed,"{""model.mean_init_scale"": {""base"": 1.0, ""value"": 0.1}, ""ppo.learning_rate"": {""base"": 0.0001, ""value"": 3e-05}}",False,optimizer.last_update.final_kl,0.004155262753871289,,,
stage-b,lr3e5_head01,22,,completed,"{""model.mean_init_scale"": {""base"": 1.0, ""value"": 0.1}, ""ppo.learning_rate"": {""base"": 0.0001, ""value"": 3e-05}}",False,optimizer.last_update.final_mean_kl,0.004155230849948479,,,
stage-b,lr3e5_head01,22,,completed,"{""model.mean_init_scale"": {""base"": 1.0, ""value"": 0.1}, ""ppo.learning_rate"": {""base"": 0.0001, ""value"": 3e-05}}",False,optimizer.last_update.final_std_kl,3.1903922809949104e-08,,,
stage-b,lr3e5_head01,22,,completed,"{""model.mean_init_scale"": {""base"": 1.0, ""value"": 0.1}, ""ppo.learning_rate"": {""base"": 0.0001, ""value"": 3e-05}}",False,optimizer.last_update.final_mean_change_rms,0.007466648488308927,,,
stage-b,lr3e5_head01,22,,completed,"{""model.mean_init_scale"": {""base"": 1.0, ""value"": 0.1}, ""ppo.learning_rate"": {""base"": 0.0001, ""value"": 3e-05}}",False,optimizer.last_update.final_std_mean,0.20067583272854486,,,
stage-b,lr3e5_head01,22,,completed,"{""model.mean_init_scale"": {""base"": 1.0, ""value"": 0.1}, ""ppo.learning_rate"": {""base"": 0.0001, ""value"": 3e-05}}",False,optimizer.update_mean.first_step_kl,5.9479696438631934e-05,,,
stage-b,lr3e5_head01,22,,completed,"{""model.mean_init_scale"": {""base"": 1.0, ""value"": 0.1}, ""ppo.learning_rate"": {""base"": 0.0001, ""value"": 3e-05}}",False,optimizer.update_mean.first_step_mean_kl,5.947893303561646e-05,,,
stage-b,lr3e5_head01,22,,completed,"{""model.mean_init_scale"": {""base"": 1.0, ""value"": 0.1}, ""ppo.learning_rate"": {""base"": 0.0001, ""value"": 3e-05}}",False,optimizer.update_mean.first_step_std_kl,7.634030154700853e-10,,,
stage-b,lr3e5_head01,22,,completed,"{""model.mean_init_scale"": {""base"": 1.0, ""value"": 0.1}, ""ppo.learning_rate"": {""base"": 0.0001, ""value"": 3e-05}}",False,optimizer.update_mean.final_kl,0.003368049747523725,,,
stage-b,lr3e5_head01,22,,completed,"{""model.mean_init_scale"": {""base"": 1.0, ""value"": 0.1}, ""ppo.learning_rate"": {""base"": 0.0001, ""value"": 3e-05}}",False,optimizer.update_mean.final_mean_kl,0.0033680104508140144,,,
stage-b,lr3e5_head01,22,,completed,"{""model.mean_init_scale"": {""base"": 1.0, ""value"": 0.1}, ""ppo.learning_rate"": {""base"": 0.0001, ""value"": 3e-05}}",False,optimizer.update_mean.final_std_kl,3.929670971059756e-08,,,
stage-b,lr3e5_head01,22,,completed,"{""model.mean_init_scale"": {""base"": 1.0, ""value"": 0.1}, ""ppo.learning_rate"": {""base"": 0.0001, ""value"": 3e-05}}",False,optimizer.update_mean.initial_mean_abs,0.15231839184165394,,,
stage-b,lr3e5_head01,22,,completed,"{""model.mean_init_scale"": {""base"": 1.0, ""value"": 0.1}, ""ppo.learning_rate"": {""base"": 0.0001, ""value"": 3e-05}}",False,optimizer.update_mean.grad_norm,1.6003208671696485,,,
stage-b,lr3e5_head01,22,0.3,completed,"{""model.mean_init_scale"": {""base"": 1.0, ""value"": 0.1}, ""ppo.learning_rate"": {""base"": 0.0001, ""value"": 3e-05}}",False,height_abs_error,0.06273570334849259,,,
stage-b,lr3e5_head01,22,0.3,completed,"{""model.mean_init_scale"": {""base"": 1.0, ""value"": 0.1}, ""ppo.learning_rate"": {""base"": 0.0001, ""value"": 3e-05}}",False,non_wheel_net_force,779.5836880993843,,,
stage-b,lr3e5_head01,22,0.3,completed,"{""model.mean_init_scale"": {""base"": 1.0, ""value"": 0.1}, ""ppo.learning_rate"": {""base"": 0.0001, ""value"": 3e-05}}",False,planar_speed,0.03092290532881937,,,
stage-b,lr3e5_head01,22,0.3,completed,"{""model.mean_init_scale"": {""base"": 1.0, ""value"": 0.1}, ""ppo.learning_rate"": {""base"": 0.0001, ""value"": 3e-05}}",False,vx_abs_error,0.016158169898008053,,,
stage-b,lr3e5_head01,22,0.3,completed,"{""model.mean_init_scale"": {""base"": 1.0, ""value"": 0.1}, ""ppo.learning_rate"": {""base"": 0.0001, ""value"": 3e-05}}",False,wz_abs_error,0.04874971889463874,,,
stage-b,lr3e5_head01,33,,completed,"{""model.mean_init_scale"": {""base"": 1.0, ""value"": 0.1}, ""ppo.learning_rate"": {""base"": 0.0001, ""value"": 3e-05}}",False,nominal_full_budget_optimizer_steps,640,,,
stage-b,lr3e5_head01,33,,completed,"{""model.mean_init_scale"": {""base"": 1.0, ""value"": 0.1}, ""ppo.learning_rate"": {""base"": 0.0001, ""value"": 3e-05}}",False,optimizer.updates_observed,80,,,
stage-b,lr3e5_head01,33,,completed,"{""model.mean_init_scale"": {""base"": 1.0, ""value"": 0.1}, ""ppo.learning_rate"": {""base"": 0.0001, ""value"": 3e-05}}",False,optimizer.optimizer_steps,640,,,
stage-b,lr3e5_head01,33,,completed,"{""model.mean_init_scale"": {""base"": 1.0, ""value"": 0.1}, ""ppo.learning_rate"": {""base"": 0.0001, ""value"": 3e-05}}",False,optimizer.planned_optimizer_steps,640,,,
stage-b,lr3e5_head01,33,,completed,"{""model.mean_init_scale"": {""base"": 1.0, ""value"": 0.1}, ""ppo.learning_rate"": {""base"": 0.0001, ""value"": 3e-05}}",False,optimizer.optimizer_step_utilization,1.0,,,
stage-b,lr3e5_head01,33,,completed,"{""model.mean_init_scale"": {""base"": 1.0, ""value"": 0.1}, ""ppo.learning_rate"": {""base"": 0.0001, ""value"": 3e-05}}",False,optimizer.early_stopped_fraction,0.0,,,
stage-b,lr3e5_head01,33,,completed,"{""model.mean_init_scale"": {""base"": 1.0, ""value"": 0.1}, ""ppo.learning_rate"": {""base"": 0.0001, ""value"": 3e-05}}",False,optimizer.first_update.actor_loss,-0.001107443356886506,,,
stage-b,lr3e5_head01,33,,completed,"{""model.mean_init_scale"": {""base"": 1.0, ""value"": 0.1}, ""ppo.learning_rate"": {""base"": 0.0001, ""value"": 3e-05}}",False,optimizer.first_update.value_loss,0.019231581827625632,,,
stage-b,lr3e5_head01,33,,completed,"{""model.mean_init_scale"": {""base"": 1.0, ""value"": 0.1}, ""ppo.learning_rate"": {""base"": 0.0001, ""value"": 3e-05}}",False,optimizer.first_update.entropy,-1.1431540697813034,,,
stage-b,lr3e5_head01,33,,completed,"{""model.mean_init_scale"": {""base"": 1.0, ""value"": 0.1}, ""ppo.learning_rate"": {""base"": 0.0001, ""value"": 3e-05}}",False,optimizer.first_update.kl,0.0018063955358229578,,,
stage-b,lr3e5_head01,33,,completed,"{""model.mean_init_scale"": {""base"": 1.0, ""value"": 0.1}, ""ppo.learning_rate"": {""base"": 0.0001, ""value"": 3e-05}}",False,optimizer.first_update.clip_fraction,0.00994873046875,,,
stage-b,lr3e5_head01,33,,completed,"{""model.mean_init_scale"": {""base"": 1.0, ""value"": 0.1}, ""ppo.learning_rate"": {""base"": 0.0001, ""value"": 3e-05}}",False,optimizer.first_update.loss,0.02383990923408419,,,
stage-b,lr3e5_head01,33,,completed,"{""model.mean_init_scale"": {""base"": 1.0, ""value"": 0.1}, ""ppo.learning_rate"": {""base"": 0.0001, ""value"": 3e-05}}",False,optimizer.first_update.auxiliary_loss,0.0,,,
stage-b,lr3e5_head01,33,,completed,"{""model.mean_init_scale"": {""base"": 1.0, ""value"": 0.1}, ""ppo.learning_rate"": {""base"": 0.0001, ""value"": 3e-05}}",False,optimizer.first_update.auxiliary_coef,0.0,,,
stage-b,lr3e5_head01,33,,completed,"{""model.mean_init_scale"": {""base"": 1.0, ""value"": 0.1}, ""ppo.learning_rate"": {""base"": 0.0001, ""value"": 3e-05}}",False,optimizer.first_update.grad_norm,1.7572637647390366,,,
stage-b,lr3e5_head01,33,,completed,"{""model.mean_init_scale"": {""base"": 1.0, ""value"": 0.1}, ""ppo.learning_rate"": {""base"": 0.0001, ""value"": 3e-05}}",False,optimizer.first_update.optimizer_steps,8,,,
stage-b,lr3e5_head01,33,,completed,"{""model.mean_init_scale"": {""base"": 1.0, ""value"": 0.1}, ""ppo.learning_rate"": {""base"": 0.0001, ""value"": 3e-05}}",False,optimizer.first_update.planned_optimizer_steps,8,,,
stage-b,lr3e5_head01,33,,completed,"{""model.mean_init_scale"": {""base"": 1.0, ""value"": 0.1}, ""ppo.learning_rate"": {""base"": 0.0001, ""value"": 3e-05}}",False,optimizer.first_update.sample_count,32768,,,
stage-b,lr3e5_head01,33,,completed,"{""model.mean_init_scale"": {""base"": 1.0, ""value"": 0.1}, ""ppo.learning_rate"": {""base"": 0.0001, ""value"": 3e-05}}",False,optimizer.first_update.early_stopped,False,,,
stage-b,lr3e5_head01,33,,completed,"{""model.mean_init_scale"": {""base"": 1.0, ""value"": 0.1}, ""ppo.learning_rate"": {""base"": 0.0001, ""value"": 3e-05}}",False,optimizer.first_update.stop_kl,0.0,,,
stage-b,lr3e5_head01,33,,completed,"{""model.mean_init_scale"": {""base"": 1.0, ""value"": 0.1}, ""ppo.learning_rate"": {""base"": 0.0001, ""value"": 3e-05}}",False,optimizer.first_update.initial_mean_abs,0.04666945928548334,,,
stage-b,lr3e5_head01,33,,completed,"{""model.mean_init_scale"": {""base"": 1.0, ""value"": 0.1}, ""ppo.learning_rate"": {""base"": 0.0001, ""value"": 3e-05}}",False,optimizer.first_update.initial_std_mean,0.20000000298023224,,,
stage-b,lr3e5_head01,33,,completed,"{""model.mean_init_scale"": {""base"": 1.0, ""value"": 0.1}, ""ppo.learning_rate"": {""base"": 0.0001, ""value"": 3e-05}}",False,optimizer.first_update.initial_std_min,0.20000000298023224,,,
stage-b,lr3e5_head01,33,,completed,"{""model.mean_init_scale"": {""base"": 1.0, ""value"": 0.1}, ""ppo.learning_rate"": {""base"": 0.0001, ""value"": 3e-05}}",False,optimizer.first_update.initial_std_max,0.20000000298023224,,,
stage-b,lr3e5_head01,33,,completed,"{""model.mean_init_scale"": {""base"": 1.0, ""value"": 0.1}, ""ppo.learning_rate"": {""base"": 0.0001, ""value"": 3e-05}}",False,optimizer.first_update.first_step_kl,0.0002371696931183855,,,
stage-b,lr3e5_head01,33,,completed,"{""model.mean_init_scale"": {""base"": 1.0, ""value"": 0.1}, ""ppo.learning_rate"": {""base"": 0.0001, ""value"": 3e-05}}",False,optimizer.first_update.first_step_mean_kl,0.00023716427473824596,,,
stage-b,lr3e5_head01,33,,completed,"{""model.mean_init_scale"": {""base"": 1.0, ""value"": 0.1}, ""ppo.learning_rate"": {""base"": 0.0001, ""value"": 3e-05}}",False,optimizer.first_update.first_step_std_kl,5.41838013953783e-09,,,
stage-b,lr3e5_head01,33,,completed,"{""model.mean_init_scale"": {""base"": 1.0, ""value"": 0.1}, ""ppo.learning_rate"": {""base"": 0.0001, ""value"": 3e-05}}",False,optimizer.first_update.first_step_mean_change_rms,0.0017782111097801214,,,
stage-b,lr3e5_head01,33,,completed,"{""model.mean_init_scale"": {""base"": 1.0, ""value"": 0.1}, ""ppo.learning_rate"": {""base"": 0.0001, ""value"": 3e-05}}",False,optimizer.first_update.first_step_normalized_mean_change_rms,0.008891055416413557,,,
stage-b,lr3e5_head01,33,,completed,"{""model.mean_init_scale"": {""base"": 1.0, ""value"": 0.1}, ""ppo.learning_rate"": {""base"": 0.0001, ""value"": 3e-05}}",False,optimizer.first_update.final_kl,0.005206767955588712,,,
stage-b,lr3e5_head01,33,,completed,"{""model.mean_init_scale"": {""base"": 1.0, ""value"": 0.1}, ""ppo.learning_rate"": {""base"": 0.0001, ""value"": 3e-05}}",False,optimizer.first_update.final_mean_kl,0.005206677194112323,,,
stage-b,lr3e5_head01,33,,completed,"{""model.mean_init_scale"": {""base"": 1.0, ""value"": 0.1}, ""ppo.learning_rate"": {""base"": 0.0001, ""value"": 3e-05}}",False,optimizer.first_update.final_std_kl,9.07614763886048e-08,,,
stage-b,lr3e5_head01,33,,completed,"{""model.mean_init_scale"": {""base"": 1.0, ""value"": 0.1}, ""ppo.learning_rate"": {""base"": 0.0001, ""value"": 3e-05}}",False,optimizer.first_update.final_mean_change_rms,0.00833218381339036,,,
stage-b,lr3e5_head01,33,,completed,"{""model.mean_init_scale"": {""base"": 1.0, ""value"": 0.1}, ""ppo.learning_rate"": {""base"": 0.0001, ""value"": 3e-05}}",False,optimizer.first_update.final_std_mean,0.1999893213311831,,,
stage-b,lr3e5_head01,33,,completed,"{""model.mean_init_scale"": {""base"": 1.0, ""value"": 0.1}, ""ppo.learning_rate"": {""base"": 0.0001, ""value"": 3e-05}}",False,optimizer.last_update.actor_loss,-0.0005403423856478184,,,
stage-b,lr3e5_head01,33,,completed,"{""model.mean_init_scale"": {""base"": 1.0, ""value"": 0.1}, ""ppo.learning_rate"": {""base"": 0.0001, ""value"": 3e-05}}",False,optimizer.last_update.value_loss,0.0033411017211619765,,,
stage-b,lr3e5_head01,33,,completed,"{""model.mean_init_scale"": {""base"": 1.0, ""value"": 0.1}, ""ppo.learning_rate"": {""base"": 0.0001, ""value"": 3e-05}}",False,optimizer.last_update.entropy,-1.129219427704811,,,
stage-b,lr3e5_head01,33,,completed,"{""model.mean_init_scale"": {""base"": 1.0, ""value"": 0.1}, ""ppo.learning_rate"": {""base"": 0.0001, ""value"": 3e-05}}",False,optimizer.last_update.kl,0.0007970581755216699,,,
stage-b,lr3e5_head01,33,,completed,"{""model.mean_init_scale"": {""base"": 1.0, ""value"": 0.1}, ""ppo.learning_rate"": {""base"": 0.0001, ""value"": 3e-05}}",False,optimizer.last_update.clip_fraction,0.000244140625,,,
stage-b,lr3e5_head01,33,,completed,"{""model.mean_init_scale"": {""base"": 1.0, ""value"": 0.1}, ""ppo.learning_rate"": {""base"": 0.0001, ""value"": 3e-05}}",False,optimizer.last_update.loss,0.008446856285445392,,,
stage-b,lr3e5_head01,33,,completed,"{""model.mean_init_scale"": {""base"": 1.0, ""value"": 0.1}, ""ppo.learning_rate"": {""base"": 0.0001, ""value"": 3e-05}}",False,optimizer.last_update.auxiliary_loss,0.0,,,
stage-b,lr3e5_head01,33,,completed,"{""model.mean_init_scale"": {""base"": 1.0, ""value"": 0.1}, ""ppo.learning_rate"": {""base"": 0.0001, ""value"": 3e-05}}",False,optimizer.last_update.auxiliary_coef,0.0,,,
stage-b,lr3e5_head01,33,,completed,"{""model.mean_init_scale"": {""base"": 1.0, ""value"": 0.1}, ""ppo.learning_rate"": {""base"": 0.0001, ""value"": 3e-05}}",False,optimizer.last_update.grad_norm,1.563643790781498,,,
stage-b,lr3e5_head01,33,,completed,"{""model.mean_init_scale"": {""base"": 1.0, ""value"": 0.1}, ""ppo.learning_rate"": {""base"": 0.0001, ""value"": 3e-05}}",False,optimizer.last_update.optimizer_steps,8,,,
stage-b,lr3e5_head01,33,,completed,"{""model.mean_init_scale"": {""base"": 1.0, ""value"": 0.1}, ""ppo.learning_rate"": {""base"": 0.0001, ""value"": 3e-05}}",False,optimizer.last_update.planned_optimizer_steps,8,,,
stage-b,lr3e5_head01,33,,completed,"{""model.mean_init_scale"": {""base"": 1.0, ""value"": 0.1}, ""ppo.learning_rate"": {""base"": 0.0001, ""value"": 3e-05}}",False,optimizer.last_update.sample_count,32768,,,
stage-b,lr3e5_head01,33,,completed,"{""model.mean_init_scale"": {""base"": 1.0, ""value"": 0.1}, ""ppo.learning_rate"": {""base"": 0.0001, ""value"": 3e-05}}",False,optimizer.last_update.early_stopped,False,,,
stage-b,lr3e5_head01,33,,completed,"{""model.mean_init_scale"": {""base"": 1.0, ""value"": 0.1}, ""ppo.learning_rate"": {""base"": 0.0001, ""value"": 3e-05}}",False,optimizer.last_update.stop_kl,0.0,,,
stage-b,lr3e5_head01,33,,completed,"{""model.mean_init_scale"": {""base"": 1.0, ""value"": 0.1}, ""ppo.learning_rate"": {""base"": 0.0001, ""value"": 3e-05}}",False,optimizer.last_update.initial_mean_abs,0.3824136993700904,,,
stage-b,lr3e5_head01,33,,completed,"{""model.mean_init_scale"": {""base"": 1.0, ""value"": 0.1}, ""ppo.learning_rate"": {""base"": 0.0001, ""value"": 3e-05}}",False,optimizer.last_update.initial_std_mean,0.20045769959688187,,,
stage-b,lr3e5_head01,33,,completed,"{""model.mean_init_scale"": {""base"": 1.0, ""value"": 0.1}, ""ppo.learning_rate"": {""base"": 0.0001, ""value"": 3e-05}}",False,optimizer.last_update.initial_std_min,0.20020078122615814,,,
stage-b,lr3e5_head01,33,,completed,"{""model.mean_init_scale"": {""base"": 1.0, ""value"": 0.1}, ""ppo.learning_rate"": {""base"": 0.0001, ""value"": 3e-05}}",False,optimizer.last_update.initial_std_max,0.20063777267932892,,,
stage-b,lr3e5_head01,33,,completed,"{""model.mean_init_scale"": {""base"": 1.0, ""value"": 0.1}, ""ppo.learning_rate"": {""base"": 0.0001, ""value"": 3e-05}}",False,optimizer.last_update.first_step_kl,4.632548427451721e-05,,,
stage-b,lr3e5_head01,33,,completed,"{""model.mean_init_scale"": {""base"": 1.0, ""value"": 0.1}, ""ppo.learning_rate"": {""base"": 0.0001, ""value"": 3e-05}}",False,optimizer.last_update.first_step_mean_kl,4.6324952649754396e-05,,,
stage-b,lr3e5_head01,33,,completed,"{""model.mean_init_scale"": {""base"": 1.0, ""value"": 0.1}, ""ppo.learning_rate"": {""base"": 0.0001, ""value"": 3e-05}}",False,optimizer.last_update.first_step_std_kl,5.316247628164652e-10,,,
stage-b,lr3e5_head01,33,,completed,"{""model.mean_init_scale"": {""base"": 1.0, ""value"": 0.1}, ""ppo.learning_rate"": {""base"": 0.0001, ""value"": 3e-05}}",False,optimizer.last_update.first_step_mean_change_rms,0.0007875077172177043,,,
stage-b,lr3e5_head01,33,,completed,"{""model.mean_init_scale"": {""base"": 1.0, ""value"": 0.1}, ""ppo.learning_rate"": {""base"": 0.0001, ""value"": 3e-05}}",False,optimizer.last_update.first_step_normalized_mean_change_rms,0.003929576085091341,,,
stage-b,lr3e5_head01,33,,completed,"{""model.mean_init_scale"": {""base"": 1.0, ""value"": 0.1}, ""ppo.learning_rate"": {""base"": 0.0001, ""value"": 3e-05}}",False,optimizer.last_update.final_kl,0.00300834188783606,,,
stage-b,lr3e5_head01,33,,completed,"{""model.mean_init_scale"": {""base"": 1.0, ""value"": 0.1}, ""ppo.learning_rate"": {""base"": 0.0001, ""value"": 3e-05}}",False,optimizer.last_update.final_mean_kl,0.0030083095776443276,,,
stage-b,lr3e5_head01,33,,completed,"{""model.mean_init_scale"": {""base"": 1.0, ""value"": 0.1}, ""ppo.learning_rate"": {""base"": 0.0001, ""value"": 3e-05}}",False,optimizer.last_update.final_std_kl,3.231019173268298e-08,,,
stage-b,lr3e5_head01,33,,completed,"{""model.mean_init_scale"": {""base"": 1.0, ""value"": 0.1}, ""ppo.learning_rate"": {""base"": 0.0001, ""value"": 3e-05}}",False,optimizer.last_update.final_mean_change_rms,0.006345419742013647,,,
stage-b,lr3e5_head01,33,,completed,"{""model.mean_init_scale"": {""base"": 1.0, ""value"": 0.1}, ""ppo.learning_rate"": {""base"": 0.0001, ""value"": 3e-05}}",False,optimizer.last_update.final_std_mean,0.20046334713697433,,,
stage-b,lr3e5_head01,33,,completed,"{""model.mean_init_scale"": {""base"": 1.0, ""value"": 0.1}, ""ppo.learning_rate"": {""base"": 0.0001, ""value"": 3e-05}}",False,optimizer.update_mean.first_step_kl,6.296607302972949e-05,,,
stage-b,lr3e5_head01,33,,completed,"{""model.mean_init_scale"": {""base"": 1.0, ""value"": 0.1}, ""ppo.learning_rate"": {""base"": 0.0001, ""value"": 3e-05}}",False,optimizer.update_mean.first_step_mean_kl,6.296547735296028e-05,,,
stage-b,lr3e5_head01,33,,completed,"{""model.mean_init_scale"": {""base"": 1.0, ""value"": 0.1}, ""ppo.learning_rate"": {""base"": 0.0001, ""value"": 3e-05}}",False,optimizer.update_mean.first_step_std_kl,5.956767692041378e-10,,,
stage-b,lr3e5_head01,33,,completed,"{""model.mean_init_scale"": {""base"": 1.0, ""value"": 0.1}, ""ppo.learning_rate"": {""base"": 0.0001, ""value"": 3e-05}}",False,optimizer.update_mean.final_kl,0.003769651890445373,,,
stage-b,lr3e5_head01,33,,completed,"{""model.mean_init_scale"": {""base"": 1.0, ""value"": 0.1}, ""ppo.learning_rate"": {""base"": 0.0001, ""value"": 3e-05}}",False,optimizer.update_mean.final_mean_kl,0.003769622311093208,,,
stage-b,lr3e5_head01,33,,completed,"{""model.mean_init_scale"": {""base"": 1.0, ""value"": 0.1}, ""ppo.learning_rate"": {""base"": 0.0001, ""value"": 3e-05}}",False,optimizer.update_mean.final_std_kl,2.9579352164787037e-08,,,
stage-b,lr3e5_head01,33,,completed,"{""model.mean_init_scale"": {""base"": 1.0, ""value"": 0.1}, ""ppo.learning_rate"": {""base"": 0.0001, ""value"": 3e-05}}",False,optimizer.update_mean.initial_mean_abs,0.18157886972781995,,,
stage-b,lr3e5_head01,33,,completed,"{""model.mean_init_scale"": {""base"": 1.0, ""value"": 0.1}, ""ppo.learning_rate"": {""base"": 0.0001, ""value"": 3e-05}}",False,optimizer.update_mean.grad_norm,1.5951222693547606,,,
stage-b,lr3e5_head01,33,0.3,completed,"{""model.mean_init_scale"": {""base"": 1.0, ""value"": 0.1}, ""ppo.learning_rate"": {""base"": 0.0001, ""value"": 3e-05}}",False,height_abs_error,0.0682029530685395,,,
stage-b,lr3e5_head01,33,0.3,completed,"{""model.mean_init_scale"": {""base"": 1.0, ""value"": 0.1}, ""ppo.learning_rate"": {""base"": 0.0001, ""value"": 3e-05}}",False,non_wheel_net_force,509.7573799379667,,,
stage-b,lr3e5_head01,33,0.3,completed,"{""model.mean_init_scale"": {""base"": 1.0, ""value"": 0.1}, ""ppo.learning_rate"": {""base"": 0.0001, ""value"": 3e-05}}",False,planar_speed,0.02468819374810361,,,
stage-b,lr3e5_head01,33,0.3,completed,"{""model.mean_init_scale"": {""base"": 1.0, ""value"": 0.1}, ""ppo.learning_rate"": {""base"": 0.0001, ""value"": 3e-05}}",False,vx_abs_error,0.011225103465949359,,,
stage-b,lr3e5_head01,33,0.3,completed,"{""model.mean_init_scale"": {""base"": 1.0, ""value"": 0.1}, ""ppo.learning_rate"": {""base"": 0.0001, ""value"": 3e-05}}",False,wz_abs_error,0.041294889804630655,,,
stage-b,lr3e5_head01,44,,completed,"{""model.mean_init_scale"": {""base"": 1.0, ""value"": 0.1}, ""ppo.learning_rate"": {""base"": 0.0001, ""value"": 3e-05}}",False,nominal_full_budget_optimizer_steps,640,,,
stage-b,lr3e5_head01,44,,completed,"{""model.mean_init_scale"": {""base"": 1.0, ""value"": 0.1}, ""ppo.learning_rate"": {""base"": 0.0001, ""value"": 3e-05}}",False,optimizer.updates_observed,80,,,
stage-b,lr3e5_head01,44,,completed,"{""model.mean_init_scale"": {""base"": 1.0, ""value"": 0.1}, ""ppo.learning_rate"": {""base"": 0.0001, ""value"": 3e-05}}",False,optimizer.optimizer_steps,640,,,
stage-b,lr3e5_head01,44,,completed,"{""model.mean_init_scale"": {""base"": 1.0, ""value"": 0.1}, ""ppo.learning_rate"": {""base"": 0.0001, ""value"": 3e-05}}",False,optimizer.planned_optimizer_steps,640,,,
stage-b,lr3e5_head01,44,,completed,"{""model.mean_init_scale"": {""base"": 1.0, ""value"": 0.1}, ""ppo.learning_rate"": {""base"": 0.0001, ""value"": 3e-05}}",False,optimizer.optimizer_step_utilization,1.0,,,
stage-b,lr3e5_head01,44,,completed,"{""model.mean_init_scale"": {""base"": 1.0, ""value"": 0.1}, ""ppo.learning_rate"": {""base"": 0.0001, ""value"": 3e-05}}",False,optimizer.early_stopped_fraction,0.0,,,
stage-b,lr3e5_head01,44,,completed,"{""model.mean_init_scale"": {""base"": 1.0, ""value"": 0.1}, ""ppo.learning_rate"": {""base"": 0.0001, ""value"": 3e-05}}",False,optimizer.first_update.actor_loss,-0.001170518808066845,,,
stage-b,lr3e5_head01,44,,completed,"{""model.mean_init_scale"": {""base"": 1.0, ""value"": 0.1}, ""ppo.learning_rate"": {""base"": 0.0001, ""value"": 3e-05}}",False,optimizer.first_update.value_loss,0.016677914769388735,,,
stage-b,lr3e5_head01,44,,completed,"{""model.mean_init_scale"": {""base"": 1.0, ""value"": 0.1}, ""ppo.learning_rate"": {""base"": 0.0001, ""value"": 3e-05}}",False,optimizer.first_update.entropy,-1.142848864197731,,,
stage-b,lr3e5_head01,44,,completed,"{""model.mean_init_scale"": {""base"": 1.0, ""value"": 0.1}, ""ppo.learning_rate"": {""base"": 0.0001, ""value"": 3e-05}}",False,optimizer.first_update.kl,0.002270978886372177,,,
stage-b,lr3e5_head01,44,,completed,"{""model.mean_init_scale"": {""base"": 1.0, ""value"": 0.1}, ""ppo.learning_rate"": {""base"": 0.0001, ""value"": 3e-05}}",False,optimizer.first_update.clip_fraction,0.01324462890625,,,
stage-b,lr3e5_head01,44,,completed,"{""model.mean_init_scale"": {""base"": 1.0, ""value"": 0.1}, ""ppo.learning_rate"": {""base"": 0.0001, ""value"": 3e-05}}",False,optimizer.first_update.loss,0.021221640694420785,,,
stage-b,lr3e5_head01,44,,completed,"{""model.mean_init_scale"": {""base"": 1.0, ""value"": 0.1}, ""ppo.learning_rate"": {""base"": 0.0001, ""value"": 3e-05}}",False,optimizer.first_update.auxiliary_loss,0.0,,,
stage-b,lr3e5_head01,44,,completed,"{""model.mean_init_scale"": {""base"": 1.0, ""value"": 0.1}, ""ppo.learning_rate"": {""base"": 0.0001, ""value"": 3e-05}}",False,optimizer.first_update.auxiliary_coef,0.0,,,
stage-b,lr3e5_head01,44,,completed,"{""model.mean_init_scale"": {""base"": 1.0, ""value"": 0.1}, ""ppo.learning_rate"": {""base"": 0.0001, ""value"": 3e-05}}",False,optimizer.first_update.grad_norm,1.5153412520885468,,,
stage-b,lr3e5_head01,44,,completed,"{""model.mean_init_scale"": {""base"": 1.0, ""value"": 0.1}, ""ppo.learning_rate"": {""base"": 0.0001, ""value"": 3e-05}}",False,optimizer.first_update.optimizer_steps,8,,,
stage-b,lr3e5_head01,44,,completed,"{""model.mean_init_scale"": {""base"": 1.0, ""value"": 0.1}, ""ppo.learning_rate"": {""base"": 0.0001, ""value"": 3e-05}}",False,optimizer.first_update.planned_optimizer_steps,8,,,
stage-b,lr3e5_head01,44,,completed,"{""model.mean_init_scale"": {""base"": 1.0, ""value"": 0.1}, ""ppo.learning_rate"": {""base"": 0.0001, ""value"": 3e-05}}",False,optimizer.first_update.sample_count,32768,,,
stage-b,lr3e5_head01,44,,completed,"{""model.mean_init_scale"": {""base"": 1.0, ""value"": 0.1}, ""ppo.learning_rate"": {""base"": 0.0001, ""value"": 3e-05}}",False,optimizer.first_update.early_stopped,False,,,
stage-b,lr3e5_head01,44,,completed,"{""model.mean_init_scale"": {""base"": 1.0, ""value"": 0.1}, ""ppo.learning_rate"": {""base"": 0.0001, ""value"": 3e-05}}",False,optimizer.first_update.stop_kl,0.0,,,
stage-b,lr3e5_head01,44,,completed,"{""model.mean_init_scale"": {""base"": 1.0, ""value"": 0.1}, ""ppo.learning_rate"": {""base"": 0.0001, ""value"": 3e-05}}",False,optimizer.first_update.initial_mean_abs,0.05065316802702331,,,
stage-b,lr3e5_head01,44,,completed,"{""model.mean_init_scale"": {""base"": 1.0, ""value"": 0.1}, ""ppo.learning_rate"": {""base"": 0.0001, ""value"": 3e-05}}",False,optimizer.first_update.initial_std_mean,0.20000000298023224,,,
stage-b,lr3e5_head01,44,,completed,"{""model.mean_init_scale"": {""base"": 1.0, ""value"": 0.1}, ""ppo.learning_rate"": {""base"": 0.0001, ""value"": 3e-05}}",False,optimizer.first_update.initial_std_min,0.20000000298023224,,,
stage-b,lr3e5_head01,44,,completed,"{""model.mean_init_scale"": {""base"": 1.0, ""value"": 0.1}, ""ppo.learning_rate"": {""base"": 0.0001, ""value"": 3e-05}}",False,optimizer.first_update.initial_std_max,0.20000000298023224,,,
stage-b,lr3e5_head01,44,,completed,"{""model.mean_init_scale"": {""base"": 1.0, ""value"": 0.1}, ""ppo.learning_rate"": {""base"": 0.0001, ""value"": 3e-05}}",False,optimizer.first_update.first_step_kl,0.0003275991973313389,,,
stage-b,lr3e5_head01,44,,completed,"{""model.mean_init_scale"": {""base"": 1.0, ""value"": 0.1}, ""ppo.learning_rate"": {""base"": 0.0001, ""value"": 3e-05}}",False,optimizer.first_update.first_step_mean_kl,0.00032759381510572645,,,
stage-b,lr3e5_head01,44,,completed,"{""model.mean_init_scale"": {""base"": 1.0, ""value"": 0.1}, ""ppo.learning_rate"": {""base"": 0.0001, ""value"": 3e-05}}",False,optimizer.first_update.first_step_std_kl,5.382225612438898e-09,,,
stage-b,lr3e5_head01,44,,completed,"{""model.mean_init_scale"": {""base"": 1.0, ""value"": 0.1}, ""ppo.learning_rate"": {""base"": 0.0001, ""value"": 3e-05}}",False,optimizer.first_update.first_step_mean_change_rms,0.0020900189756921633,,,
stage-b,lr3e5_head01,44,,completed,"{""model.mean_init_scale"": {""base"": 1.0, ""value"": 0.1}, ""ppo.learning_rate"": {""base"": 0.0001, ""value"": 3e-05}}",False,optimizer.first_update.first_step_normalized_mean_change_rms,0.01045009472274227,,,
stage-b,lr3e5_head01,44,,completed,"{""model.mean_init_scale"": {""base"": 1.0, ""value"": 0.1}, ""ppo.learning_rate"": {""base"": 0.0001, ""value"": 3e-05}}",False,optimizer.first_update.final_kl,0.0045729429913567215,,,
stage-b,lr3e5_head01,44,,completed,"{""model.mean_init_scale"": {""base"": 1.0, ""value"": 0.1}, ""ppo.learning_rate"": {""base"": 0.0001, ""value"": 3e-05}}",False,optimizer.first_update.final_mean_kl,0.004572894624081038,,,
stage-b,lr3e5_head01,44,,completed,"{""model.mean_init_scale"": {""base"": 1.0, ""value"": 0.1}, ""ppo.learning_rate"": {""base"": 0.0001, ""value"": 3e-05}}",False,optimizer.first_update.final_std_kl,4.836727568342708e-08,,,
stage-b,lr3e5_head01,44,,completed,"{""model.mean_init_scale"": {""base"": 1.0, ""value"": 0.1}, ""ppo.learning_rate"": {""base"": 0.0001, ""value"": 3e-05}}",False,optimizer.first_update.final_mean_change_rms,0.0078083793145944606,,,
stage-b,lr3e5_head01,44,,completed,"{""model.mean_init_scale"": {""base"": 1.0, ""value"": 0.1}, ""ppo.learning_rate"": {""base"": 0.0001, ""value"": 3e-05}}",False,optimizer.first_update.final_std_mean,0.20000059902668,,,
stage-b,lr3e5_head01,44,,completed,"{""model.mean_init_scale"": {""base"": 1.0, ""value"": 0.1}, ""ppo.learning_rate"": {""base"": 0.0001, ""value"": 3e-05}}",False,optimizer.last_update.actor_loss,-0.0009662025840952992,,,
stage-b,lr3e5_head01,44,,completed,"{""model.mean_init_scale"": {""base"": 1.0, ""value"": 0.1}, ""ppo.learning_rate"": {""base"": 0.0001, ""value"": 3e-05}}",False,optimizer.last_update.value_loss,0.003377041866770014,,,
stage-b,lr3e5_head01,44,,completed,"{""model.mean_init_scale"": {""base"": 1.0, ""value"": 0.1}, ""ppo.learning_rate"": {""base"": 0.0001, ""value"": 3e-05}}",False,optimizer.last_update.entropy,-1.1280102580785751,,,
stage-b,lr3e5_head01,44,,completed,"{""model.mean_init_scale"": {""base"": 1.0, ""value"": 0.1}, ""ppo.learning_rate"": {""base"": 0.0001, ""value"": 3e-05}}",False,optimizer.last_update.kl,0.0012229546055095852,,,
stage-b,lr3e5_head01,44,,completed,"{""model.mean_init_scale"": {""base"": 1.0, ""value"": 0.1}, ""ppo.learning_rate"": {""base"": 0.0001, ""value"": 3e-05}}",False,optimizer.last_update.clip_fraction,0.002838134765625,,,
stage-b,lr3e5_head01,44,,completed,"{""model.mean_init_scale"": {""base"": 1.0, ""value"": 0.1}, ""ppo.learning_rate"": {""base"": 0.0001, ""value"": 3e-05}}",False,optimizer.last_update.loss,0.008050890523009002,,,
stage-b,lr3e5_head01,44,,completed,"{""model.mean_init_scale"": {""base"": 1.0, ""value"": 0.1}, ""ppo.learning_rate"": {""base"": 0.0001, ""value"": 3e-05}}",False,optimizer.last_update.auxiliary_loss,0.0,,,
stage-b,lr3e5_head01,44,,completed,"{""model.mean_init_scale"": {""base"": 1.0, ""value"": 0.1}, ""ppo.learning_rate"": {""base"": 0.0001, ""value"": 3e-05}}",False,optimizer.last_update.auxiliary_coef,0.0,,,
stage-b,lr3e5_head01,44,,completed,"{""model.mean_init_scale"": {""base"": 1.0, ""value"": 0.1}, ""ppo.learning_rate"": {""base"": 0.0001, ""value"": 3e-05}}",False,optimizer.last_update.grad_norm,1.492852434515953,,,
stage-b,lr3e5_head01,44,,completed,"{""model.mean_init_scale"": {""base"": 1.0, ""value"": 0.1}, ""ppo.learning_rate"": {""base"": 0.0001, ""value"": 3e-05}}",False,optimizer.last_update.optimizer_steps,8,,,
stage-b,lr3e5_head01,44,,completed,"{""model.mean_init_scale"": {""base"": 1.0, ""value"": 0.1}, ""ppo.learning_rate"": {""base"": 0.0001, ""value"": 3e-05}}",False,optimizer.last_update.planned_optimizer_steps,8,,,
stage-b,lr3e5_head01,44,,completed,"{""model.mean_init_scale"": {""base"": 1.0, ""value"": 0.1}, ""ppo.learning_rate"": {""base"": 0.0001, ""value"": 3e-05}}",False,optimizer.last_update.sample_count,32768,,,
stage-b,lr3e5_head01,44,,completed,"{""model.mean_init_scale"": {""base"": 1.0, ""value"": 0.1}, ""ppo.learning_rate"": {""base"": 0.0001, ""value"": 3e-05}}",False,optimizer.last_update.early_stopped,False,,,
stage-b,lr3e5_head01,44,,completed,"{""model.mean_init_scale"": {""base"": 1.0, ""value"": 0.1}, ""ppo.learning_rate"": {""base"": 0.0001, ""value"": 3e-05}}",False,optimizer.last_update.stop_kl,0.0,,,
stage-b,lr3e5_head01,44,,completed,"{""model.mean_init_scale"": {""base"": 1.0, ""value"": 0.1}, ""ppo.learning_rate"": {""base"": 0.0001, ""value"": 3e-05}}",False,optimizer.last_update.initial_mean_abs,0.33400474120712076,,,
stage-b,lr3e5_head01,44,,completed,"{""model.mean_init_scale"": {""base"": 1.0, ""value"": 0.1}, ""ppo.learning_rate"": {""base"": 0.0001, ""value"": 3e-05}}",False,optimizer.last_update.initial_std_mean,0.20049643764893213,,,
stage-b,lr3e5_head01,44,,completed,"{""model.mean_init_scale"": {""base"": 1.0, ""value"": 0.1}, ""ppo.learning_rate"": {""base"": 0.0001, ""value"": 3e-05}}",False,optimizer.last_update.initial_std_min,0.20021146535873413,,,
stage-b,lr3e5_head01,44,,completed,"{""model.mean_init_scale"": {""base"": 1.0, ""value"": 0.1}, ""ppo.learning_rate"": {""base"": 0.0001, ""value"": 3e-05}}",False,optimizer.last_update.initial_std_max,0.2008681297302246,,,
stage-b,lr3e5_head01,44,,completed,"{""model.mean_init_scale"": {""base"": 1.0, ""value"": 0.1}, ""ppo.learning_rate"": {""base"": 0.0001, ""value"": 3e-05}}",False,optimizer.last_update.first_step_kl,7.316177952326251e-05,,,
stage-b,lr3e5_head01,44,,completed,"{""model.mean_init_scale"": {""base"": 1.0, ""value"": 0.1}, ""ppo.learning_rate"": {""base"": 0.0001, ""value"": 3e-05}}",False,optimizer.last_update.first_step_mean_kl,7.316122715983108e-05,,,
stage-b,lr3e5_head01,44,,completed,"{""model.mean_init_scale"": {""base"": 1.0, ""value"": 0.1}, ""ppo.learning_rate"": {""base"": 0.0001, ""value"": 3e-05}}",False,optimizer.last_update.first_step_std_kl,5.523634314359509e-10,,,
stage-b,lr3e5_head01,44,,completed,"{""model.mean_init_scale"": {""base"": 1.0, ""value"": 0.1}, ""ppo.learning_rate"": {""base"": 0.0001, ""value"": 3e-05}}",False,optimizer.last_update.first_step_mean_change_rms,0.0009906621608813007,,,
stage-b,lr3e5_head01,44,,completed,"{""model.mean_init_scale"": {""base"": 1.0, ""value"": 0.1}, ""ppo.learning_rate"": {""base"": 0.0001, ""value"": 3e-05}}",False,optimizer.last_update.first_step_normalized_mean_change_rms,0.004938353272790426,,,
stage-b,lr3e5_head01,44,,completed,"{""model.mean_init_scale"": {""base"": 1.0, ""value"": 0.1}, ""ppo.learning_rate"": {""base"": 0.0001, ""value"": 3e-05}}",False,optimizer.last_update.final_kl,0.004610801705246047,,,
stage-b,lr3e5_head01,44,,completed,"{""model.mean_init_scale"": {""base"": 1.0, ""value"": 0.1}, ""ppo.learning_rate"": {""base"": 0.0001, ""value"": 3e-05}}",False,optimizer.last_update.final_mean_kl,0.004610757796591369,,,
stage-b,lr3e5_head01,44,,completed,"{""model.mean_init_scale"": {""base"": 1.0, ""value"": 0.1}, ""ppo.learning_rate"": {""base"": 0.0001, ""value"": 3e-05}}",False,optimizer.last_update.final_std_kl,4.390865467758905e-08,,,
stage-b,lr3e5_head01,44,,completed,"{""model.mean_init_scale"": {""base"": 1.0, ""value"": 0.1}, ""ppo.learning_rate"": {""base"": 0.0001, ""value"": 3e-05}}",False,optimizer.last_update.final_mean_change_rms,0.007862824283000539,,,
stage-b,lr3e5_head01,44,,completed,"{""model.mean_init_scale"": {""base"": 1.0, ""value"": 0.1}, ""ppo.learning_rate"": {""base"": 0.0001, ""value"": 3e-05}}",False,optimizer.last_update.final_std_mean,0.20050691564877826,,,
stage-b,lr3e5_head01,44,,completed,"{""model.mean_init_scale"": {""base"": 1.0, ""value"": 0.1}, ""ppo.learning_rate"": {""base"": 0.0001, ""value"": 3e-05}}",False,optimizer.update_mean.first_step_kl,5.871853861021276e-05,,,
stage-b,lr3e5_head01,44,,completed,"{""model.mean_init_scale"": {""base"": 1.0, ""value"": 0.1}, ""ppo.learning_rate"": {""base"": 0.0001, ""value"": 3e-05}}",False,optimizer.update_mean.first_step_mean_kl,5.871792582894355e-05,,,
stage-b,lr3e5_head01,44,,completed,"{""model.mean_init_scale"": {""base"": 1.0, ""value"": 0.1}, ""ppo.learning_rate"": {""base"": 0.0001, ""value"": 3e-05}}",False,optimizer.update_mean.first_step_std_kl,6.127812692039803e-10,,,
stage-b,lr3e5_head01,44,,completed,"{""model.mean_init_scale"": {""base"": 1.0, ""value"": 0.1}, ""ppo.learning_rate"": {""base"": 0.0001, ""value"": 3e-05}}",False,optimizer.update_mean.final_kl,0.003434052796063749,,,
stage-b,lr3e5_head01,44,,completed,"{""model.mean_init_scale"": {""base"": 1.0, ""value"": 0.1}, ""ppo.learning_rate"": {""base"": 0.0001, ""value"": 3e-05}}",False,optimizer.update_mean.final_mean_kl,0.0034340232249333033,,,
stage-b,lr3e5_head01,44,,completed,"{""model.mean_init_scale"": {""base"": 1.0, ""value"": 0.1}, ""ppo.learning_rate"": {""base"": 0.0001, ""value"": 3e-05}}",False,optimizer.update_mean.final_std_kl,2.9571130445742005e-08,,,
stage-b,lr3e5_head01,44,,completed,"{""model.mean_init_scale"": {""base"": 1.0, ""value"": 0.1}, ""ppo.learning_rate"": {""base"": 0.0001, ""value"": 3e-05}}",False,optimizer.update_mean.initial_mean_abs,0.14368129231036672,,,
stage-b,lr3e5_head01,44,,completed,"{""model.mean_init_scale"": {""base"": 1.0, ""value"": 0.1}, ""ppo.learning_rate"": {""base"": 0.0001, ""value"": 3e-05}}",False,optimizer.update_mean.grad_norm,1.6251658524386585,,,
stage-b,lr3e5_head01,44,0.3,completed,"{""model.mean_init_scale"": {""base"": 1.0, ""value"": 0.1}, ""ppo.learning_rate"": {""base"": 0.0001, ""value"": 3e-05}}",False,height_abs_error,0.08638127986031274,,,
stage-b,lr3e5_head01,44,0.3,completed,"{""model.mean_init_scale"": {""base"": 1.0, ""value"": 0.1}, ""ppo.learning_rate"": {""base"": 0.0001, ""value"": 3e-05}}",False,non_wheel_net_force,31.12024002035459,,,
stage-b,lr3e5_head01,44,0.3,completed,"{""model.mean_init_scale"": {""base"": 1.0, ""value"": 0.1}, ""ppo.learning_rate"": {""base"": 0.0001, ""value"": 3e-05}}",False,planar_speed,0.016957260440412937,,,
stage-b,lr3e5_head01,44,0.3,completed,"{""model.mean_init_scale"": {""base"": 1.0, ""value"": 0.1}, ""ppo.learning_rate"": {""base"": 0.0001, ""value"": 3e-05}}",False,vx_abs_error,0.010439552292239114,,,
stage-b,lr3e5_head01,44,0.3,completed,"{""model.mean_init_scale"": {""base"": 1.0, ""value"": 0.1}, ""ppo.learning_rate"": {""base"": 0.0001, ""value"": 3e-05}}",False,wz_abs_error,0.03741554539956269,,,
stage-b,baseline,22,0.28,completed,,,height_abs_error,0.07912717427437505,,,
stage-b,baseline,22,0.28,completed,,,non_wheel_net_force,108.85044492840767,,,
stage-b,baseline,22,0.28,completed,,,planar_speed,0.01742383125112004,,,
stage-b,baseline,22,0.28,completed,,,vx_abs_error,0.01388693140210004,,,
stage-b,baseline,22,0.28,completed,,,wz_abs_error,0.013314411890423799,,,
stage-b,baseline,22,0.32,completed,,,height_abs_error,0.11882340452323358,,,
stage-b,baseline,22,0.32,completed,,,non_wheel_net_force,111.36922535339991,,,
stage-b,baseline,22,0.32,completed,,,planar_speed,0.02235572511572779,,,
stage-b,baseline,22,0.32,completed,,,vx_abs_error,0.0176703685921143,,,
stage-b,baseline,22,0.32,completed,,,wz_abs_error,0.022415697042003253,,,
stage-b,baseline,33,0.28,completed,,,height_abs_error,0.041321728499606254,,,
stage-b,baseline,33,0.28,completed,,,non_wheel_net_force,782.135417175293,,,
stage-b,baseline,33,0.28,completed,,,planar_speed,0.1847023592198578,,,
stage-b,baseline,33,0.28,completed,,,vx_abs_error,0.16783874320487183,,,
stage-b,baseline,33,0.28,completed,,,wz_abs_error,0.9869731113951032,,,
stage-b,baseline,33,0.32,completed,,,height_abs_error,0.08280497301680347,,,
stage-b,baseline,33,0.32,completed,,,non_wheel_net_force,721.9602901649475,,,
stage-b,baseline,33,0.32,completed,,,planar_speed,0.20084067188746607,,,
stage-b,baseline,33,0.32,completed,,,vx_abs_error,0.1762720950700653,,,
stage-b,baseline,33,0.32,completed,,,wz_abs_error,1.0544435452682956,,,
stage-b,lr3e5_head01,22,0.28,completed,,,height_abs_error,0.04301798743195832,,,
stage-b,lr3e5_head01,22,0.28,completed,,,non_wheel_net_force,775.443461980025,,,
stage-b,lr3e5_head01,22,0.28,completed,,,planar_speed,0.03087661724848052,,,
stage-b,lr3e5_head01,22,0.28,completed,,,vx_abs_error,0.016163023611510046,,,
stage-b,lr3e5_head01,22,0.28,completed,,,wz_abs_error,0.04891998497053767,,,
stage-b,lr3e5_head01,22,0.32,completed,,,height_abs_error,0.08272109860243897,,,
stage-b,lr3e5_head01,22,0.32,completed,,,non_wheel_net_force,782.4591291979949,,,
stage-b,lr3e5_head01,22,0.32,completed,,,planar_speed,0.0313087987989032,,,
stage-b,lr3e5_head01,22,0.32,completed,,,vx_abs_error,0.016557404100300724,,,
stage-b,lr3e5_head01,22,0.32,completed,,,wz_abs_error,0.05120372207221711,,,
stage-b,lr3e5_head01,33,0.28,completed,,,height_abs_error,0.04864372532193859,,,
stage-b,lr3e5_head01,33,0.28,completed,,,non_wheel_net_force,505.12036636988324,,,
stage-b,lr3e5_head01,33,0.28,completed,,,planar_speed,0.0246805317941471,,,
stage-b,lr3e5_head01,33,0.28,completed,,,vx_abs_error,0.011292142232596234,,,
stage-b,lr3e5_head01,33,0.28,completed,,,wz_abs_error,0.04108048443831649,,,
stage-b,lr3e5_head01,33,0.32,completed,,,height_abs_error,0.08802847406206031,,,
stage-b,lr3e5_head01,33,0.32,completed,,,non_wheel_net_force,519.9128382396698,,,
stage-b,lr3e5_head01,33,0.32,completed,,,planar_speed,0.024800207996643925,,,
stage-b,lr3e5_head01,33,0.32,completed,,,vx_abs_error,0.011381015571520645,,,
stage-b,lr3e5_head01,33,0.32,completed,,,wz_abs_error,0.04060875676147286,,,
stage-b,lr3e5_head01,44,0.28,completed,,,height_abs_error,0.06687457891801993,,,
stage-b,lr3e5_head01,44,0.28,completed,,,non_wheel_net_force,30.93331909974416,,,
stage-b,lr3e5_head01,44,0.28,completed,,,planar_speed,0.017143835284332453,,,
stage-b,lr3e5_head01,44,0.28,completed,,,vx_abs_error,0.010690476988039942,,,
stage-b,lr3e5_head01,44,0.28,completed,,,wz_abs_error,0.03686240416296641,,,
stage-b,lr3e5_head01,44,0.32,completed,,,height_abs_error,0.10612108972854913,,,
stage-b,lr3e5_head01,44,0.32,completed,,,non_wheel_net_force,30.821692481835683,,,
stage-b,lr3e5_head01,44,0.32,completed,,,planar_speed,0.017227468708697416,,,
stage-b,lr3e5_head01,44,0.32,completed,,,vx_abs_error,0.010729930944797465,,,
stage-b,lr3e5_head01,44,0.32,completed,,,wz_abs_error,0.03618779209391505,,,
stage-a,baseline,,0.3,,,,height_abs_error,,1,0.11720479384064675,
stage-a,baseline,,0.3,,,,non_wheel_net_force,,1,66.07539033969243,
stage-a,baseline,,0.3,,,,planar_speed,,1,0.029988731466890687,
stage-a,baseline,,0.3,,,,vx_abs_error,,1,0.02329211682861872,
stage-a,baseline,,0.3,,,,wz_abs_error,,1,0.052270832922931734,
stage-a,lr_3e5,,0.3,,,,height_abs_error,,1,0.06738605452080568,
stage-a,lr_3e5,,0.3,,,,non_wheel_net_force,,1,44.58887982726097,
stage-a,lr_3e5,,0.3,,,,planar_speed,,1,0.02688704185299381,
stage-a,lr_3e5,,0.3,,,,vx_abs_error,,1,0.016414822812421334,
stage-a,lr_3e5,,0.3,,,,wz_abs_error,,1,0.05630686733978412,
stage-a,lr_1e5,,0.3,,,,height_abs_error,,1,0.06569066532887519,
stage-a,lr_1e5,,0.3,,,,non_wheel_net_force,,1,42.491047496199606,
stage-a,lr_1e5,,0.3,,,,planar_speed,,1,0.020443009019254534,
stage-a,lr_1e5,,0.3,,,,vx_abs_error,,1,0.014597615311352001,
stage-a,lr_1e5,,0.3,,,,wz_abs_error,,1,0.0462938669292392,
stage-a,init_scale_01,,0.3,,,,height_abs_error,,1,0.039715193280329304,
stage-a,init_scale_01,,0.3,,,,non_wheel_net_force,,1,112.1234439031283,
stage-a,init_scale_01,,0.3,,,,planar_speed,,1,0.027358461264484504,
stage-a,init_scale_01,,0.3,,,,vx_abs_error,,1,0.023027072007124238,
stage-a,init_scale_01,,0.3,,,,wz_abs_error,,1,0.03565629453992491,
stage-a,init_scale_001,,0.3,,,,height_abs_error,,1,0.0776190078506867,
stage-a,init_scale_001,,0.3,,,,non_wheel_net_force,,1,53.3088477285703,
stage-a,init_scale_001,,0.3,,,,planar_speed,,1,0.021324787593487902,
stage-a,init_scale_001,,0.3,,,,vx_abs_error,,1,0.018122253197677008,
stage-a,init_scale_001,,0.3,,,,wz_abs_error,,1,0.02975391232088441,
stage-a,std_04,,0.3,,,,height_abs_error,,1,0.12560019076491397,
stage-a,std_04,,0.3,,,,non_wheel_net_force,,1,91.31445865313212,
stage-a,std_04,,0.3,,,,planar_speed,,1,0.021028871493311573,
stage-a,std_04,,0.3,,,,vx_abs_error,,1,0.01099807153789167,
stage-a,std_04,,0.3,,,,wz_abs_error,,1,0.05056646010964262,
stage-b,baseline,,0.28,,,,height_abs_error,,2,0.060224451386990646,0.026732487073119322
stage-b,baseline,,0.28,,,,non_wheel_net_force,,2,445.49293105185035,476.08436954676904
stage-b,baseline,,0.28,,,,planar_speed,,2,0.10106309523548893,0.11828378147359803
stage-b,baseline,,0.28,,,,vx_abs_error,,2,0.09086283730348593,0.1088603701016951
stage-b,baseline,,0.28,,,,wz_abs_error,,2,0.5001437616427635,0.6884806689810338
stage-b,baseline,,0.3,,,,height_abs_error,,2,0.08009755926672368,0.026602156013464745
stage-b,baseline,,0.3,,,,non_wheel_net_force,,2,446.1556333599488,478.4914748771077
stage-b,baseline,,0.3,,,,planar_speed,,2,0.10127218869978,0.11268131351843251
stage-b,baseline,,0.3,,,,vx_abs_error,,2,0.09029297515769485,0.1037911966862192
stage-b,baseline,,0.3,,,,wz_abs_error,,2,0.4854381911491904,0.6584113557682764
stage-b,baseline,,0.32,,,,height_abs_error,,2,0.10081418877001852,0.025468877165899927
stage-b,baseline,,0.32,,,,non_wheel_net_force,,2,416.6647577591737,431.75308246016004
stage-b,baseline,,0.32,,,,planar_speed,,2,0.11159819850159693,0.12620791620201613
stage-b,baseline,,0.32,,,,vx_abs_error,,2,0.0969712318310898,0.11214835630045315
stage-b,baseline,,0.32,,,,wz_abs_error,,2,0.5384296211551495,0.7297538898541724
stage-b,lr3e5_head01,,0.28,,,,height_abs_error,,3,0.05284543055730561,0.012470965660159995
stage-b,lr3e5_head01,,0.28,,,,non_wheel_net_force,,3,437.1657158165508,376.8782483929965
stage-b,lr3e5_head01,,0.28,,,,planar_speed,,3,0.024233661442320024,0.006877288342960047
stage-b,lr3e5_head01,,0.28,,,,vx_abs_error,,3,0.012715214277382075,0.0030010068593726543
stage-b,lr3e5_head01,,0.28,,,,wz_abs_error,,3,0.04228762452394019,0.0061187583807924125
stage-b,lr3e5_head01,,0.3,,,,height_abs_error,,3,0.07243997875911494,0.012379120007942104
stage-b,lr3e5_head01,,0.3,,,,non_wheel_net_force,,3,440.15376935256853,379.0552469396518
stage-b,lr3e5_head01,,0.3,,,,planar_speed,,3,0.024189453172445308,0.006996167944569668
stage-b,lr3e5_head01,,0.3,,,,vx_abs_error,,3,0.012607608552065509,0.003099860813827838
stage-b,lr3e5_head01,,0.3,,,,wz_abs_error,,3,0.04248671803294403,0.005760313628481923
stage-b,lr3e5_head01,,0.32,,,,height_abs_error,,3,0.0922902207976828,0.012268323443097279
stage-b,lr3e5_head01,,0.32,,,,non_wheel_net_force,,3,444.3978866398335,381.466368117366
stage-b,lr3e5_head01,,0.32,,,,planar_speed,,3,0.02444549183474818,0.007047363474659601
stage-b,lr3e5_head01,,0.32,,,,vx_abs_error,,3,0.012889450205539612,0.0031931790003629184
stage-b,lr3e5_head01,,0.32,,,,wz_abs_error,,3,0.04266675697586834,0.007716609484751478
